"1","1","http://schroeder.org/","5342212","","1","1976-10-28 00:00:00","2002-06-16 00:00:00",
"2","2","http://kautzerconroy.com/","873","","2","1992-05-19 00:00:00","1985-09-01 00:00:00",
"3","3","http://littel.net/","141012","","3","1983-09-01 00:00:00","2019-07-24 00:00:00",
"4","4","http://www.satterfield.org/","92","","4","1992-05-12 00:00:00","1984-04-19 00:00:00",
"5","5","http://swift.com/","2132089","","1","2000-07-11 00:00:00","1992-02-24 00:00:00",
"6","6","http://www.deckow.com/","394","","2","1990-12-10 00:00:00","2015-07-12 00:00:00",
"7","7","http://schuppemiller.com/","193","","3","2005-04-19 00:00:00","2019-05-10 00:00:00",
"8","8","http://murphyzemlak.com/","395","","4","1975-02-26 00:00:00","1981-11-13 00:00:00",
"9","9","http://reinger.com/","67406","","1","1982-03-03 00:00:00","2003-09-20 00:00:00",
"10","10","http://www.mayer.com/","16027133","","2","2013-03-03 00:00:00","1970-08-05 00:00:00",
"11","11","http://rathjohnston.com/","3481","","3","1982-01-07 00:00:00","1982-06-28 00:00:00",
"12","12","http://funk.biz/","19034687","","4","1985-09-25 00:00:00","2003-12-21 00:00:00",
"13","13","http://www.gutmann.info/","162592958","","1","2004-03-13 00:00:00","2014-08-15 00:00:00",
"14","14","http://beier.com/","23695","","2","1984-06-30 00:00:00","2000-05-01 00:00:00",
"15","15","http://www.considine.info/","6510","","3","1974-05-26 00:00:00","1987-03-04 00:00:00",
"16","16","http://www.vonroberts.com/","397","","4","1997-04-11 00:00:00","2011-06-07 00:00:00",
"17","17","http://www.wolff.com/","8022","","1","1988-03-27 00:00:00","1976-10-20 00:00:00",
"18","18","http://gutkowski.com/","393","","2","2015-06-19 00:00:00","1979-02-09 00:00:00",
"19","19","http://www.pfannerstillhintz.biz/","363","","3","1970-07-09 00:00:00","1971-06-22 00:00:00",
"20","20","http://www.gaylordosinski.com/","5801760","","4","1996-05-31 00:00:00","2020-01-12 00:00:00",
"21","21","http://www.dicki.com/","3179903","","1","1988-03-20 00:00:00","1978-04-27 00:00:00",
"22","22","http://stoltenbergstroman.com/","26777659","","2","2008-05-24 00:00:00","2000-02-22 00:00:00",
"23","23","http://bergnaumaltenwerth.com/","328","","3","2009-05-26 00:00:00","2020-04-24 00:00:00",
"24","24","http://www.medhurst.info/","349976858","","4","1991-06-22 00:00:00","2009-04-13 00:00:00",
"25","25","http://www.stanton.org/","371","","1","2006-11-12 00:00:00","1977-11-04 00:00:00",
"26","26","http://kuhic.com/","289","","2","1991-10-02 00:00:00","1981-12-15 00:00:00",
"27","27","http://gutkowski.com/","20","","3","1977-07-09 00:00:00","1996-07-23 00:00:00",
"28","28","http://hintz.com/","885641","","4","2018-12-30 00:00:00","2018-06-22 00:00:00",
"29","29","http://shields.com/","620","","1","1985-04-10 00:00:00","1989-09-04 00:00:00",
"30","30","http://dach.com/","3300","","2","1972-05-03 00:00:00","1997-10-26 00:00:00",
"31","31","http://willms.com/","396","","3","1984-06-03 00:00:00","1985-01-27 00:00:00",
"32","32","http://barton.info/","233","","4","2000-02-25 00:00:00","1997-10-26 00:00:00",
"33","33","http://murazik.net/","4572987","","1","1985-08-15 00:00:00","2003-02-16 00:00:00",
"34","34","http://www.ryan.net/","464","","2","2016-10-13 00:00:00","2020-04-05 00:00:00",
"35","35","http://www.sipeshettinger.info/","211","","3","2010-12-28 00:00:00","1989-02-11 00:00:00",
"36","36","http://www.lebsack.com/","5181","","4","1978-12-11 00:00:00","1976-01-04 00:00:00",
"37","37","http://bartell.net/","42050","","1","1995-09-23 00:00:00","1977-09-25 00:00:00",
"38","38","http://www.braun.info/","194215","","2","2018-09-22 00:00:00","1990-09-10 00:00:00",
"39","39","http://brekke.com/","405879","","3","1971-03-12 00:00:00","1977-02-01 00:00:00",
"40","40","http://www.hamill.info/","70506440","","4","1974-06-12 00:00:00","2015-01-12 00:00:00",
"41","41","http://www.nolan.biz/","4527","","1","1993-05-10 00:00:00","2003-12-01 00:00:00",
"42","42","http://www.huelssteuber.com/","2111921","","2","1998-01-03 00:00:00","2017-11-07 00:00:00",
"43","43","http://www.mckenzie.info/","555","","3","1989-11-02 00:00:00","2006-06-23 00:00:00",
"44","44","http://www.quitzon.org/","901","","4","1987-03-19 00:00:00","1979-09-30 00:00:00",
"45","45","http://bergstromtrantow.net/","321","","1","1981-01-09 00:00:00","1997-04-22 00:00:00",
"46","46","http://maggio.com/","251","","2","1986-03-02 00:00:00","1981-10-16 00:00:00",
"47","47","http://hessel.net/","297","","3","1999-11-14 00:00:00","2009-05-17 00:00:00",
"48","48","http://www.smithkertzmann.info/","337","","4","2013-12-31 00:00:00","2016-11-22 00:00:00",
"49","49","http://ruecker.com/","24281","","1","2001-05-06 00:00:00","1990-07-04 00:00:00",
"50","50","http://larkinwunsch.com/","334088164","","2","2010-05-12 00:00:00","2006-12-07 00:00:00",
"51","51","http://www.ryan.com/","109595","","3","1993-09-25 00:00:00","2011-10-19 00:00:00",
"52","52","http://www.marvin.biz/","2375948","","4","2007-01-24 00:00:00","2003-09-21 00:00:00",
"53","53","http://oberbrunnerkozey.info/","1274","","1","1976-05-23 00:00:00","1995-01-20 00:00:00",
"54","54","http://www.darerowe.com/","111","","2","1971-03-30 00:00:00","1989-05-27 00:00:00",
"55","55","http://www.corwinsatterfield.com/","199565454","","3","2018-09-14 00:00:00","1996-09-04 00:00:00",
"56","56","http://www.farrell.com/","342","","4","1982-03-15 00:00:00","2009-06-14 00:00:00",
"57","57","http://www.schroederbeahan.org/","795588480","","1","1987-07-15 00:00:00","2011-07-25 00:00:00",
"58","58","http://marvin.info/","194","","2","1986-10-02 00:00:00","1971-10-19 00:00:00",
"59","59","http://stiedemann.com/","11","","3","1982-11-03 00:00:00","2000-06-01 00:00:00",
"60","60","http://www.linddicki.com/","59920598","","4","1975-06-22 00:00:00","1971-11-22 00:00:00",
"61","61","http://www.schmeler.info/","13443","","1","2020-07-21 00:00:00","1985-07-20 00:00:00",
"62","62","http://www.hammes.com/","2579364","","2","1989-11-26 00:00:00","1994-05-07 00:00:00",
"63","63","http://parisian.net/","4446729","","3","2013-04-13 00:00:00","1986-10-30 00:00:00",
"64","64","http://corkery.net/","453","","4","1984-04-13 00:00:00","1970-01-16 00:00:00",
"65","65","http://hauck.info/","3810646","","1","1991-12-31 00:00:00","1995-09-23 00:00:00",
"66","66","http://www.armstrongnienow.com/","558897451","","2","2016-11-15 00:00:00","2015-06-16 00:00:00",
"67","67","http://carroll.biz/","8487","","3","1977-01-18 00:00:00","2000-01-19 00:00:00",
"68","68","http://www.hayes.com/","395","","4","1974-09-07 00:00:00","1990-01-30 00:00:00",
"69","69","http://trantow.info/","46347","","1","1997-09-28 00:00:00","1990-10-04 00:00:00",
"70","70","http://doylecummings.com/","3449708","","2","1998-03-30 00:00:00","1983-08-04 00:00:00",
"71","71","http://www.schaden.org/","208","","3","2016-11-29 00:00:00","1975-12-10 00:00:00",
"72","72","http://olson.info/","319","","4","1972-05-22 00:00:00","2003-07-18 00:00:00",
"73","73","http://www.mosciski.com/","304","","1","1988-05-05 00:00:00","2000-01-28 00:00:00",
"74","74","http://conroymuller.net/","4546","","2","2002-05-04 00:00:00","1986-10-26 00:00:00",
"75","75","http://becker.net/","391","","3","1999-04-22 00:00:00","2004-03-27 00:00:00",
"76","76","http://stammgrimes.net/","6629","","4","1997-05-15 00:00:00","2020-03-23 00:00:00",
"77","77","http://simonisritchie.com/","342","","1","2017-03-19 00:00:00","1981-02-02 00:00:00",
"78","78","http://olson.com/","24","","2","1989-03-22 00:00:00","2004-09-09 00:00:00",
"79","79","http://www.casper.com/","687171","","3","1982-08-12 00:00:00","2014-11-07 00:00:00",
"80","80","http://collinsondricka.com/","181","","4","1980-12-14 00:00:00","2004-10-23 00:00:00",
"81","81","http://www.yost.info/","2515","","1","1978-03-16 00:00:00","1996-09-20 00:00:00",
"82","82","http://moenwitting.net/","13575","","2","1993-09-04 00:00:00","1975-05-01 00:00:00",
"83","83","http://www.willmsnicolas.info/","185","","3","1996-03-07 00:00:00","1970-08-28 00:00:00",
"84","84","http://huels.com/","164","","4","2003-11-23 00:00:00","1971-03-26 00:00:00",
"85","85","http://pfefferbrakus.biz/","363","","1","2006-03-15 00:00:00","2004-07-14 00:00:00",
"86","86","http://www.weber.org/","9","","2","1981-01-25 00:00:00","2006-10-11 00:00:00",
"87","87","http://www.mayert.org/","33198170","","3","1982-10-01 00:00:00","1998-12-06 00:00:00",
"88","88","http://www.kilbackhuels.org/","1753891","","4","1983-08-14 00:00:00","2007-07-01 00:00:00",
"89","89","http://friesen.info/","163","","1","1981-06-23 00:00:00","1977-11-20 00:00:00",
"90","90","http://www.luettgendurgan.com/","320","","2","2014-02-20 00:00:00","2019-11-12 00:00:00",
"91","91","http://www.watsicaweissnat.net/","16716","","3","2002-07-17 00:00:00","1979-09-20 00:00:00",
"92","92","http://koch.com/","105","","4","1999-07-14 00:00:00","2017-09-07 00:00:00",
"93","93","http://connelly.com/","15032","","1","1979-09-29 00:00:00","1996-04-29 00:00:00",
"94","94","http://www.emmerichryan.com/","320","","2","1978-02-09 00:00:00","2019-08-13 00:00:00",
"95","95","http://champlinsenger.com/","329","","3","1976-09-27 00:00:00","2011-08-31 00:00:00",
"96","96","http://bahringerbartoletti.biz/","173689","","4","1992-04-26 00:00:00","2016-04-04 00:00:00",
"97","97","http://www.sawayn.com/","11173","","1","2004-06-04 00:00:00","2002-04-27 00:00:00",
"98","98","http://kosshills.com/","38626423","","2","2019-10-06 00:00:00","2000-05-23 00:00:00",
"99","99","http://smitham.com/","392641","","3","2004-02-10 00:00:00","1998-06-13 00:00:00",
"100","100","http://www.legrosrippin.com/","212","","4","1970-03-11 00:00:00","1996-02-03 00:00:00",
"101","101","http://www.larkin.com/","706511","","1","1973-12-26 00:00:00","2015-09-03 00:00:00",
"102","102","http://www.bailey.com/","135","","2","1970-10-01 00:00:00","2015-02-13 00:00:00",
"103","103","http://monahanernser.info/","849752","","3","1999-02-10 00:00:00","1979-12-01 00:00:00",
"104","104","http://breitenberg.com/","10320661","","4","1980-01-06 00:00:00","1995-03-25 00:00:00",
"105","105","http://pfeffer.com/","747","","1","1981-05-05 00:00:00","1977-03-14 00:00:00",
"106","106","http://www.boscohoeger.com/","441","","2","1987-05-06 00:00:00","1991-10-16 00:00:00",
"107","107","http://www.conroy.org/","2839252","","3","2015-10-15 00:00:00","2006-09-17 00:00:00",
"108","108","http://www.schamberger.com/","594419","","4","1986-10-11 00:00:00","1972-02-07 00:00:00",
"109","109","http://www.casper.org/","445","","1","1975-05-28 00:00:00","1995-03-21 00:00:00",
"110","110","http://fadellehner.info/","58458","","2","2004-12-23 00:00:00","1988-01-05 00:00:00",
"111","111","http://abernathy.com/","619274","","3","1980-07-25 00:00:00","1976-10-13 00:00:00",
"112","112","http://www.williamson.com/","45066","","4","1971-06-02 00:00:00","2001-10-16 00:00:00",
"113","113","http://moen.com/","294","","1","2013-11-17 00:00:00","1970-11-16 00:00:00",
"114","114","http://www.rempel.net/","3695934","","2","1987-04-19 00:00:00","1979-04-13 00:00:00",
"115","115","http://www.hand.net/","2225967","","3","1994-12-29 00:00:00","1986-04-05 00:00:00",
"116","116","http://www.kertzmannmedhurst.biz/","15384","","4","2013-07-10 00:00:00","1972-04-07 00:00:00",
"117","117","http://www.kris.com/","4834","","1","1970-05-04 00:00:00","2008-10-02 00:00:00",
"118","118","http://www.weimann.org/","50547","","2","1997-07-25 00:00:00","2005-11-14 00:00:00",
"119","119","http://www.emard.com/","47","","3","1972-06-04 00:00:00","1974-05-07 00:00:00",
"120","120","http://www.langworth.com/","75","","4","2004-02-06 00:00:00","1995-11-07 00:00:00",
"121","121","http://schimmel.biz/","11169","","1","2005-10-17 00:00:00","1993-12-13 00:00:00",
"122","122","http://www.kassulkekessler.org/","1771","","2","2019-08-24 00:00:00","2017-08-03 00:00:00",
"123","123","http://douglasvon.com/","1621666","","3","2011-07-01 00:00:00","1970-10-03 00:00:00",
"124","124","http://baileymclaughlin.com/","694870126","","4","2016-09-23 00:00:00","1970-11-25 00:00:00",
"125","125","http://prohaska.com/","998","","1","2002-01-15 00:00:00","2017-07-18 00:00:00",
"126","126","http://emmerich.biz/","33529918","","2","1988-05-11 00:00:00","1981-09-07 00:00:00",
"127","127","http://www.gibson.com/","159302","","3","2010-11-25 00:00:00","2015-06-15 00:00:00",
"128","128","http://gaylordterry.info/","244493624","","4","1996-10-03 00:00:00","2014-06-21 00:00:00",
"129","129","http://www.larkin.info/","15814984","","1","1981-11-12 00:00:00","2004-02-01 00:00:00",
"130","130","http://berge.biz/","457","","2","1973-10-25 00:00:00","1981-04-04 00:00:00",
"131","131","http://bergstrom.info/","53568589","","3","1989-08-29 00:00:00","2011-04-08 00:00:00",
"132","132","http://rath.com/","157","","4","1974-03-06 00:00:00","2001-07-05 00:00:00",
"133","133","http://www.rennerfunk.info/","4149","","1","2003-05-11 00:00:00","2014-03-05 00:00:00",
"134","134","http://feest.org/","350","","2","1980-05-27 00:00:00","1978-08-17 00:00:00",
"135","135","http://fadel.com/","682254086","","3","2003-02-11 00:00:00","1989-05-27 00:00:00",
"136","136","http://beier.com/","109282","","4","2001-04-23 00:00:00","1986-08-28 00:00:00",
"137","137","http://hermiston.biz/","66","","1","2011-08-05 00:00:00","1974-12-04 00:00:00",
"138","138","http://nienow.com/","145325492","","2","2005-08-29 00:00:00","2007-06-25 00:00:00",
"139","139","http://www.moen.com/","15","","3","1999-08-01 00:00:00","1988-10-31 00:00:00",
"140","140","http://lockman.com/","238","","4","1983-07-24 00:00:00","1982-04-01 00:00:00",
"141","141","http://spinka.com/","401","","1","2004-01-02 00:00:00","2018-03-11 00:00:00",
"142","142","http://nicolasblick.com/","6579","","2","2000-07-29 00:00:00","1999-07-28 00:00:00",
"143","143","http://morissettegulgowski.com/","6687638","","3","2000-12-25 00:00:00","2003-07-17 00:00:00",
"144","144","http://zulauf.org/","639264","","4","1998-03-09 00:00:00","1987-05-30 00:00:00",
"145","145","http://www.gislason.com/","5926729","","1","2001-01-23 00:00:00","2002-12-24 00:00:00",
"146","146","http://www.robertsharber.com/","252","","2","2019-11-28 00:00:00","2003-06-29 00:00:00",
"147","147","http://adamsoconner.com/","2546","","3","1976-12-31 00:00:00","1980-11-09 00:00:00",
"148","148","http://tillman.com/","95","","4","2009-03-22 00:00:00","1973-02-04 00:00:00",
"149","149","http://mayert.biz/","410","","1","2000-04-22 00:00:00","2007-09-05 00:00:00",
"150","150","http://www.balistreridurgan.info/","1679","","2","1974-04-09 00:00:00","1995-09-16 00:00:00",
"151","151","http://rutherford.com/","2681","","3","1989-01-06 00:00:00","2009-06-05 00:00:00",
"152","152","http://www.runolfsdottir.org/","3594394","","4","1980-12-27 00:00:00","1983-04-13 00:00:00",
"153","153","http://casper.info/","1425534","","1","2012-01-14 00:00:00","2018-02-08 00:00:00",
"154","154","http://predovic.com/","72349","","2","1995-02-11 00:00:00","2015-02-24 00:00:00",
"155","155","http://raynor.info/","63345575","","3","1972-11-20 00:00:00","2018-11-14 00:00:00",
"156","156","http://www.oconnell.com/","10981494","","4","1976-01-19 00:00:00","2000-04-14 00:00:00",
"157","157","http://hauckcollier.com/","38432","","1","1971-08-10 00:00:00","2000-07-04 00:00:00",
"158","158","http://www.weissnat.biz/","184046","","2","1984-07-02 00:00:00","2012-11-16 00:00:00",
"159","159","http://www.erdmangrant.com/","5503","","3","1979-02-21 00:00:00","1992-04-30 00:00:00",
"160","160","http://www.hand.com/","346","","4","2012-09-30 00:00:00","2001-05-03 00:00:00",
"161","161","http://hilllbruen.info/","22566","","1","1995-05-03 00:00:00","1971-10-05 00:00:00",
"162","162","http://www.becker.com/","343182","","2","1993-07-12 00:00:00","1973-07-13 00:00:00",
"163","163","http://paucek.com/","45201","","3","2003-06-18 00:00:00","2017-03-18 00:00:00",
"164","164","http://walsh.com/","2666636","","4","1971-03-20 00:00:00","2004-02-01 00:00:00",
"165","165","http://thompson.info/","43368571","","1","2001-09-01 00:00:00","2012-10-18 00:00:00",
"166","166","http://www.luettgenbotsford.biz/","196","","2","1983-12-24 00:00:00","1998-03-10 00:00:00",
"167","167","http://www.waters.com/","21238","","3","2002-11-16 00:00:00","1994-04-13 00:00:00",
"168","168","http://www.faybauch.com/","264","","4","2004-12-23 00:00:00","1998-07-06 00:00:00",
"169","169","http://bruen.com/","510137","","1","1983-05-19 00:00:00","1985-12-24 00:00:00",
"170","170","http://www.reichelokon.com/","129","","2","1973-03-22 00:00:00","1996-12-11 00:00:00",
"171","171","http://adams.biz/","79","","3","2007-02-20 00:00:00","1980-08-16 00:00:00",
"172","172","http://rathkoepp.info/","1377533","","4","2004-12-17 00:00:00","2009-02-25 00:00:00",
"173","173","http://www.wildermankuhic.net/","859034","","1","1994-01-12 00:00:00","1982-10-26 00:00:00",
"174","174","http://mulleroconner.com/","41924","","2","1976-02-18 00:00:00","2003-11-06 00:00:00",
"175","175","http://www.zboncakcruickshank.org/","148867417","","3","1990-02-22 00:00:00","2013-12-05 00:00:00",
"176","176","http://goldnercarter.info/","859779784","","4","2019-08-11 00:00:00","2003-04-17 00:00:00",
"177","177","http://larson.info/","2304321","","1","1980-09-21 00:00:00","1987-09-19 00:00:00",
"178","178","http://www.hodkiewiczcummings.com/","158038395","","2","2003-07-03 00:00:00","1971-10-31 00:00:00",
"179","179","http://wolf.com/","1090","","3","1980-01-20 00:00:00","1972-04-26 00:00:00",
"180","180","http://www.parisianbotsford.com/","1589","","4","2002-03-09 00:00:00","2011-05-11 00:00:00",
"181","181","http://www.renner.com/","259787","","1","2007-09-20 00:00:00","2015-12-05 00:00:00",
"182","182","http://reichel.com/","5913522","","2","1987-07-31 00:00:00","1982-03-22 00:00:00",
"183","183","http://www.stracke.org/","489","","3","1980-06-10 00:00:00","2009-05-05 00:00:00",
"184","184","http://howellzieme.com/","27","","4","1997-06-28 00:00:00","1974-07-27 00:00:00",
"185","185","http://gulgowski.com/","1531","","1","2005-11-05 00:00:00","1998-11-12 00:00:00",
"186","186","http://www.raynor.net/","224586","","2","1983-05-31 00:00:00","2019-09-05 00:00:00",
"187","187","http://www.schuster.com/","122","","3","2018-12-30 00:00:00","2018-02-26 00:00:00",
"188","188","http://www.mayervon.com/","174","","4","2012-03-19 00:00:00","2001-03-27 00:00:00",
"189","189","http://bogisich.org/","393","","1","1977-06-05 00:00:00","1983-07-07 00:00:00",
"190","190","http://www.considine.com/","37500833","","2","1978-02-17 00:00:00","2008-04-16 00:00:00",
"191","191","http://fadelweissnat.info/","10293","","3","2015-12-19 00:00:00","2003-06-23 00:00:00",
"192","192","http://www.mante.org/","135","","4","2011-11-12 00:00:00","2005-05-06 00:00:00",
"193","193","http://www.hahn.com/","125","","1","2019-02-11 00:00:00","1998-01-31 00:00:00",
"194","194","http://www.marks.biz/","146","","2","1974-10-06 00:00:00","1979-04-09 00:00:00",
"195","195","http://damore.info/","486","","3","2009-10-27 00:00:00","1976-12-10 00:00:00",
"196","196","http://www.cartwrighthickle.com/","305","","4","2020-01-24 00:00:00","2013-10-05 00:00:00",
"197","197","http://www.volkman.com/","1228321","","1","1976-12-21 00:00:00","1989-04-04 00:00:00",
"198","198","http://haley.com/","3748925","","2","2004-04-09 00:00:00","1998-01-10 00:00:00",
"199","199","http://www.toy.net/","49788399","","3","1974-12-13 00:00:00","2006-08-04 00:00:00",
"200","200","http://www.botsfordgrant.com/","289364","","4","1989-09-05 00:00:00","1995-09-24 00:00:00",
"201","201","http://rice.com/","146","","1","1980-04-14 00:00:00","2018-02-09 00:00:00",
"202","202","http://weber.com/","4965105","","2","2003-12-06 00:00:00","1995-08-19 00:00:00",
"203","203","http://www.considine.com/","193","","3","1992-08-23 00:00:00","2017-04-18 00:00:00",
"204","204","http://douglas.net/","323833189","","4","2014-09-19 00:00:00","1971-03-30 00:00:00",
"205","205","http://www.parker.net/","37348644","","1","2003-05-22 00:00:00","1996-02-24 00:00:00",
"206","206","http://murphyborer.com/","14398603","","2","1977-03-04 00:00:00","2000-11-07 00:00:00",
"207","207","http://simoniscummings.com/","4872","","3","1984-10-06 00:00:00","1987-01-28 00:00:00",
"208","208","http://marquardt.biz/","42","","4","1982-11-20 00:00:00","1984-05-11 00:00:00",
"209","209","http://heidenreich.com/","275150084","","1","2019-02-13 00:00:00","1995-08-05 00:00:00",
"210","210","http://west.com/","1855222","","2","2016-08-03 00:00:00","1970-05-16 00:00:00",
"211","211","http://anderson.net/","132","","3","1972-06-10 00:00:00","1972-07-03 00:00:00",
"212","212","http://www.framigutkowski.com/","161","","4","1973-01-20 00:00:00","2011-07-03 00:00:00",
"213","213","http://www.nicolas.org/","638141","","1","1980-10-09 00:00:00","2013-11-20 00:00:00",
"214","214","http://www.hauck.com/","132161","","2","1992-10-14 00:00:00","1988-10-21 00:00:00",
"215","215","http://kirlin.com/","4860587","","3","1977-01-16 00:00:00","2018-07-01 00:00:00",
"216","216","http://gleason.net/","18168439","","4","1977-04-29 00:00:00","2002-08-15 00:00:00",
"217","217","http://sporer.com/","373","","1","2016-04-25 00:00:00","2009-09-23 00:00:00",
"218","218","http://www.hilll.biz/","495029","","2","1999-11-09 00:00:00","2018-01-24 00:00:00",
"219","219","http://www.graham.biz/","624","","3","1988-10-23 00:00:00","2003-09-05 00:00:00",
"220","220","http://www.wilderman.com/","149","","4","1989-07-19 00:00:00","1985-04-27 00:00:00",
"221","221","http://medhurst.com/","717785","","1","1989-10-23 00:00:00","1993-03-02 00:00:00",
"222","222","http://kuhlman.biz/","324473","","2","2011-10-08 00:00:00","1976-04-02 00:00:00",
"223","223","http://www.oberbrunnerreichert.org/","298","","3","2016-04-19 00:00:00","1999-08-13 00:00:00",
"224","224","http://kozey.com/","14520","","4","1972-10-04 00:00:00","2000-02-09 00:00:00",
"225","225","http://www.turner.info/","311","","1","1970-04-13 00:00:00","1992-02-19 00:00:00",
"226","226","http://www.mann.com/","159","","2","1995-09-13 00:00:00","2012-09-21 00:00:00",
"227","227","http://www.wehnermayer.com/","383578","","3","1986-11-30 00:00:00","2013-12-07 00:00:00",
"228","228","http://cartwright.com/","20169","","4","2017-04-01 00:00:00","1978-11-02 00:00:00",
"229","229","http://www.anderson.com/","679435","","1","1983-07-02 00:00:00","1991-05-24 00:00:00",
"230","230","http://www.cremin.com/","418","","2","2000-06-10 00:00:00","1972-06-14 00:00:00",
"231","231","http://www.moentillman.org/","2023","","3","2003-12-01 00:00:00","2000-01-11 00:00:00",
"232","232","http://www.rath.com/","38005","","4","1999-12-06 00:00:00","1990-07-20 00:00:00",
"233","233","http://padberg.net/","300488","","1","1998-04-28 00:00:00","1977-06-10 00:00:00",
"234","234","http://www.weber.com/","408497","","2","2013-12-31 00:00:00","1996-06-05 00:00:00",
"235","235","http://donnelly.com/","539517","","3","2011-04-01 00:00:00","1987-06-13 00:00:00",
"236","236","http://bruen.com/","626393417","","4","2002-06-20 00:00:00","1999-10-16 00:00:00",
"237","237","http://krajcik.com/","518","","1","1995-10-03 00:00:00","1997-01-19 00:00:00",
"238","238","http://www.tromp.com/","3191","","2","2011-10-08 00:00:00","1996-01-20 00:00:00",
"239","239","http://wintheisermante.biz/","128","","3","1972-11-30 00:00:00","2011-02-23 00:00:00",
"240","240","http://shields.com/","397","","4","2019-02-18 00:00:00","1972-03-20 00:00:00",
"241","241","http://www.jaskolski.info/","395","","1","2001-09-27 00:00:00","2008-03-03 00:00:00",
"242","242","http://www.dickinsonhickle.com/","211265","","2","2011-06-06 00:00:00","1975-10-06 00:00:00",
"243","243","http://stiedemannfisher.com/","768421","","3","2003-06-17 00:00:00","2015-11-16 00:00:00",
"244","244","http://www.mckenzie.net/","454","","4","1997-03-02 00:00:00","2017-03-31 00:00:00",
"245","245","http://www.ratke.com/","454","","1","2009-10-20 00:00:00","1980-08-03 00:00:00",
"246","246","http://tromp.com/","343","","2","2015-10-14 00:00:00","1974-05-17 00:00:00",
"247","247","http://www.nolan.com/","387","","3","1981-05-03 00:00:00","1985-07-22 00:00:00",
"248","248","http://www.runolfssoncarroll.com/","234","","4","1981-05-21 00:00:00","1996-05-07 00:00:00",
"249","249","http://www.monahan.com/","243358","","1","1991-01-26 00:00:00","2013-05-19 00:00:00",
"250","250","http://www.schinner.com/","51009275","","2","1993-02-21 00:00:00","1987-10-15 00:00:00",
"251","251","http://www.lind.com/","406136","","3","1987-01-10 00:00:00","1982-04-05 00:00:00",
"252","252","http://www.watsica.com/","5454416","","4","2008-11-21 00:00:00","1971-01-01 00:00:00",
"253","253","http://www.koch.com/","426","","1","1972-09-15 00:00:00","2012-08-24 00:00:00",
"254","254","http://bosco.biz/","3106","","2","1980-10-21 00:00:00","2014-11-03 00:00:00",
"255","255","http://funkcasper.com/","69437306","","3","2015-01-07 00:00:00","1978-10-23 00:00:00",
"256","256","http://oconner.net/","615","","4","1982-02-05 00:00:00","1979-01-20 00:00:00",
"257","257","http://lindgren.org/","10086445","","1","1980-07-02 00:00:00","1986-01-07 00:00:00",
"258","258","http://franeckilueilwitz.org/","204084382","","2","2002-08-01 00:00:00","1987-03-08 00:00:00",
"259","259","http://www.ward.com/","111163","","3","1989-04-30 00:00:00","1991-05-15 00:00:00",
"260","260","http://ankundinghilll.com/","258","","4","1982-05-16 00:00:00","1994-08-01 00:00:00",
"261","261","http://stark.com/","276881","","1","2000-02-16 00:00:00","1971-08-14 00:00:00",
"262","262","http://www.waters.com/","1574","","2","1972-06-29 00:00:00","1990-12-31 00:00:00",
"263","263","http://www.labadie.org/","30958447","","3","1989-03-22 00:00:00","2015-05-06 00:00:00",
"264","264","http://www.kunde.com/","256","","4","2012-03-10 00:00:00","2006-04-21 00:00:00",
"265","265","http://www.harris.info/","137","","1","1997-07-27 00:00:00","2019-12-25 00:00:00",
"266","266","http://ryan.com/","2805906","","2","2018-04-03 00:00:00","1978-09-01 00:00:00",
"267","267","http://www.green.net/","7296505","","3","2013-08-01 00:00:00","1994-01-06 00:00:00",
"268","268","http://www.walsh.com/","252","","4","2009-05-25 00:00:00","1977-02-03 00:00:00",
"269","269","http://kunde.com/","5405940","","1","1988-11-05 00:00:00","1975-03-07 00:00:00",
"270","270","http://hermann.com/","211","","2","1971-01-26 00:00:00","1982-05-31 00:00:00",
"271","271","http://www.ankunding.com/","367794166","","3","1984-04-22 00:00:00","2000-09-16 00:00:00",
"272","272","http://www.miller.com/","194322871","","4","2010-11-03 00:00:00","1995-07-18 00:00:00",
"273","273","http://www.wiegand.com/","85671","","1","1993-09-17 00:00:00","1995-03-19 00:00:00",
"274","274","http://www.lindgren.com/","35","","2","1972-02-13 00:00:00","1993-07-29 00:00:00",
"275","275","http://www.hayesbechtelar.com/","176","","3","1995-02-21 00:00:00","2013-01-06 00:00:00",
"276","276","http://maggionitzsche.com/","320","","4","1999-01-23 00:00:00","2013-01-08 00:00:00",
"277","277","http://dubuque.com/","2134","","1","2009-01-23 00:00:00","2011-03-23 00:00:00",
"278","278","http://www.wilderman.com/","857536876","","2","1978-06-01 00:00:00","1995-08-19 00:00:00",
"279","279","http://www.ruecker.biz/","32858217","","3","2010-05-28 00:00:00","2010-09-19 00:00:00",
"280","280","http://rodriguez.com/","1737","","4","1991-11-19 00:00:00","2003-01-28 00:00:00",
"281","281","http://murraykuvalis.com/","327","","1","2014-09-19 00:00:00","1985-11-23 00:00:00",
"282","282","http://rippin.com/","9605","","2","1985-01-31 00:00:00","2000-01-24 00:00:00",
"283","283","http://www.hintztromp.com/","163","","3","2000-12-28 00:00:00","1991-04-26 00:00:00",
"284","284","http://www.schiller.org/","1253","","4","1974-09-14 00:00:00","1996-05-30 00:00:00",
"285","285","http://www.lefflerkertzmann.org/","369","","1","2012-10-14 00:00:00","1982-12-27 00:00:00",
"286","286","http://www.lowehessel.info/","7418","","2","2008-11-05 00:00:00","1997-02-28 00:00:00",
"287","287","http://herzognikolaus.com/","194","","3","2005-01-31 00:00:00","1997-08-05 00:00:00",
"288","288","http://gottlieb.org/","2712","","4","1982-12-08 00:00:00","1976-03-27 00:00:00",
"289","289","http://www.armstronglesch.com/","572590","","1","1978-08-29 00:00:00","2005-06-11 00:00:00",
"290","290","http://kihn.info/","262","","2","1997-08-24 00:00:00","1975-10-14 00:00:00",
"291","291","http://considinemiller.com/","94","","3","2001-08-24 00:00:00","1993-02-04 00:00:00",
"292","292","http://www.kunze.com/","351","","4","1990-04-19 00:00:00","2008-09-13 00:00:00",
"293","293","http://www.mayert.com/","561","","1","2009-09-21 00:00:00","1980-09-15 00:00:00",
"294","294","http://jenkins.com/","128597265","","2","1993-02-07 00:00:00","1972-05-24 00:00:00",
"295","295","http://ruecker.biz/","3732","","3","2011-09-13 00:00:00","2015-09-27 00:00:00",
"296","296","http://www.gulgowski.info/","5724240","","4","1970-05-11 00:00:00","1989-08-20 00:00:00",
"297","297","http://www.hoppe.com/","9809520","","1","2007-07-19 00:00:00","1976-12-20 00:00:00",
"298","298","http://www.mrazboehm.info/","201879","","2","1972-08-24 00:00:00","2013-02-13 00:00:00",
"299","299","http://www.bode.com/","60543","","3","1991-05-14 00:00:00","2000-04-09 00:00:00",
"300","300","http://fritsch.com/","717","","4","1981-04-27 00:00:00","1973-10-09 00:00:00",
"301","301","http://dicki.com/","5689","","1","2002-09-02 00:00:00","2012-08-22 00:00:00",
"302","302","http://www.cole.com/","1790","","2","1996-12-30 00:00:00","1988-09-10 00:00:00",
"303","303","http://huel.com/","169218933","","3","1999-05-30 00:00:00","2006-04-29 00:00:00",
"304","304","http://www.walter.net/","1052948","","4","2017-12-08 00:00:00","1995-05-06 00:00:00",
"305","305","http://www.little.com/","3187743","","1","1995-03-09 00:00:00","1974-04-22 00:00:00",
"306","306","http://kunze.info/","63208","","2","2006-05-29 00:00:00","2005-05-26 00:00:00",
"307","307","http://jaskolski.com/","24121","","3","2008-06-19 00:00:00","1977-12-10 00:00:00",
"308","308","http://www.nikolaus.com/","24067888","","4","1988-03-22 00:00:00","2016-12-20 00:00:00",
"309","309","http://west.net/","190","","1","2002-08-24 00:00:00","1988-04-20 00:00:00",
"310","310","http://www.pfannerstill.com/","650394503","","2","1987-11-13 00:00:00","2015-08-26 00:00:00",
"311","311","http://www.gutkowski.com/","8584704","","3","1983-10-02 00:00:00","1995-05-20 00:00:00",
"312","312","http://www.cartervonrueden.com/","524","","4","2013-01-27 00:00:00","1991-05-29 00:00:00",
"313","313","http://www.brakusmann.com/","99","","1","1970-02-07 00:00:00","1986-08-10 00:00:00",
"314","314","http://www.jacobs.com/","7331281","","2","2004-01-25 00:00:00","1985-05-10 00:00:00",
"315","315","http://www.graham.org/","760","","3","1987-04-03 00:00:00","1993-12-15 00:00:00",
"316","316","http://leannon.com/","163347","","4","2016-09-17 00:00:00","2006-10-22 00:00:00",
"317","317","http://www.streichohara.com/","143","","1","1975-02-26 00:00:00","2020-05-14 00:00:00",
"318","318","http://daughertycrist.com/","296325","","2","2015-01-19 00:00:00","2001-03-01 00:00:00",
"319","319","http://pfeffer.org/","78488628","","3","2001-03-09 00:00:00","1979-06-29 00:00:00",
"320","320","http://ratkemraz.info/","351","","4","2015-06-30 00:00:00","2000-10-31 00:00:00",
"321","321","http://www.tillman.com/","29209","","1","1999-07-20 00:00:00","2016-11-11 00:00:00",
"322","322","http://osinski.com/","194","","2","1983-03-06 00:00:00","1977-07-08 00:00:00",
"323","323","http://www.willwolf.com/","131272","","3","2009-11-18 00:00:00","1986-11-07 00:00:00",
"324","324","http://www.denesik.com/","310","","4","1981-12-19 00:00:00","1975-06-30 00:00:00",
"325","325","http://walsh.info/","43648","","1","1978-10-31 00:00:00","2003-06-10 00:00:00",
"326","326","http://www.walker.net/","273","","2","1984-08-01 00:00:00","1995-02-17 00:00:00",
"327","327","http://www.dach.com/","284","","3","2003-02-28 00:00:00","1999-02-17 00:00:00",
"328","328","http://www.bahringer.info/","295","","4","1996-10-26 00:00:00","2010-08-23 00:00:00",
"329","329","http://gorczanytorp.com/","434319","","1","2013-11-03 00:00:00","1999-12-24 00:00:00",
"330","330","http://sauerdubuque.org/","412","","2","2011-08-16 00:00:00","1989-02-09 00:00:00",
"331","331","http://collinsstrosin.com/","157","","3","1992-11-09 00:00:00","2003-03-11 00:00:00",
"332","332","http://hilll.com/","58036371","","4","1979-09-02 00:00:00","2015-03-05 00:00:00",
"333","333","http://kemmerstiedemann.com/","356","","1","2015-07-04 00:00:00","1975-04-09 00:00:00",
"334","334","http://www.armstrong.com/","92268","","2","1995-12-14 00:00:00","2010-11-07 00:00:00",
"335","335","http://www.larson.info/","222","","3","1988-07-05 00:00:00","1986-04-11 00:00:00",
"336","336","http://www.ullrichsimonis.com/","139","","4","1994-09-19 00:00:00","2015-11-28 00:00:00",
"337","337","http://block.com/","558756530","","1","1980-10-06 00:00:00","1990-02-25 00:00:00",
"338","338","http://www.beatty.biz/","313299","","2","1980-04-18 00:00:00","2019-09-05 00:00:00",
"339","339","http://wehner.net/","7314888","","3","2004-01-03 00:00:00","1974-07-29 00:00:00",
"340","340","http://cummings.com/","1729","","4","1991-10-09 00:00:00","1980-03-22 00:00:00",
"341","341","http://rowestehr.com/","202","","1","2008-02-11 00:00:00","2008-08-12 00:00:00",
"342","342","http://www.murrayschmitt.com/","139","","2","2004-09-05 00:00:00","1985-02-27 00:00:00",
"343","343","http://jaskolski.biz/","133","","3","2001-07-02 00:00:00","1978-08-13 00:00:00",
"344","344","http://www.wisoky.com/","509216","","4","2011-08-20 00:00:00","2015-12-16 00:00:00",
"345","345","http://www.vonkonopelski.com/","969081770","","1","1997-07-11 00:00:00","2011-10-22 00:00:00",
"346","346","http://www.rutherford.com/","363","","2","2010-12-27 00:00:00","2004-11-30 00:00:00",
"347","347","http://www.nikolaus.info/","677447767","","3","1971-06-14 00:00:00","2012-11-03 00:00:00",
"348","348","http://www.moen.net/","71390","","4","2020-05-22 00:00:00","1975-04-11 00:00:00",
"349","349","http://west.com/","4048412","","1","1970-12-15 00:00:00","2007-07-08 00:00:00",
"350","350","http://runte.com/","378","","2","1993-07-01 00:00:00","1975-12-16 00:00:00",
"351","351","http://www.witting.com/","1184248","","3","2017-04-16 00:00:00","2018-06-08 00:00:00",
"352","352","http://kreiger.org/","3428120","","4","2012-02-19 00:00:00","1994-10-31 00:00:00",
"353","353","http://www.ratke.net/","364","","1","1985-01-27 00:00:00","2008-02-07 00:00:00",
"354","354","http://www.hodkiewiczcummerata.com/","93","","2","1981-04-24 00:00:00","1970-06-14 00:00:00",
"355","355","http://moen.biz/","2129","","3","1972-05-16 00:00:00","1994-01-20 00:00:00",
"356","356","http://www.lemkenader.com/","10504","","4","2013-02-28 00:00:00","2012-07-22 00:00:00",
"357","357","http://www.bogisichhegmann.com/","18323409","","1","2016-02-28 00:00:00","2015-08-29 00:00:00",
"358","358","http://www.cummerata.biz/","6618","","2","1982-06-01 00:00:00","2018-07-13 00:00:00",
"359","359","http://mann.info/","339","","3","2003-12-28 00:00:00","2009-08-27 00:00:00",
"360","360","http://www.quitzon.com/","48034036","","4","1986-07-15 00:00:00","1990-03-03 00:00:00",
"361","361","http://www.schoenwalker.com/","19378","","1","1979-10-28 00:00:00","1989-08-28 00:00:00",
"362","362","http://www.harveyvonrueden.org/","5810826","","2","2017-06-20 00:00:00","1975-11-18 00:00:00",
"363","363","http://www.gerhold.com/","22287168","","3","2020-02-18 00:00:00","1973-01-25 00:00:00",
"364","364","http://www.abernathy.org/","6248113","","4","1991-03-23 00:00:00","2017-12-02 00:00:00",
"365","365","http://www.rodriguez.com/","7370","","1","2018-07-03 00:00:00","1976-07-08 00:00:00",
"366","366","http://gerlach.com/","458","","2","2013-07-08 00:00:00","2006-12-18 00:00:00",
"367","367","http://lakin.info/","4669","","3","1975-10-27 00:00:00","1987-06-22 00:00:00",
"368","368","http://markskuhlman.net/","3530","","4","1979-12-16 00:00:00","1972-01-10 00:00:00",
"369","369","http://mcculloughwindler.info/","5121","","1","1993-02-17 00:00:00","1993-03-26 00:00:00",
"370","370","http://berge.net/","1693","","2","2001-08-11 00:00:00","1984-11-17 00:00:00",
"371","371","http://stehrhoeger.info/","222","","3","1996-05-22 00:00:00","1995-11-29 00:00:00",
"372","372","http://www.wolff.com/","3697428","","4","1987-03-09 00:00:00","2011-03-02 00:00:00",
"373","373","http://www.doyle.com/","45539152","","1","1985-12-11 00:00:00","2012-05-14 00:00:00",
"374","374","http://cummings.com/","53","","2","2011-08-06 00:00:00","1971-08-10 00:00:00",
"375","375","http://oconner.com/","301","","3","1985-03-24 00:00:00","2014-05-21 00:00:00",
"376","376","http://www.dubuque.com/","5546352","","4","2002-11-27 00:00:00","1984-04-25 00:00:00",
"377","377","http://langworth.info/","399","","1","1979-02-28 00:00:00","2013-11-07 00:00:00",
"378","378","http://roberts.com/","358","","2","1970-11-22 00:00:00","1983-03-16 00:00:00",
"379","379","http://www.vandervorthuel.com/","977","","3","2013-09-23 00:00:00","1988-02-09 00:00:00",
"380","380","http://www.skiles.com/","143","","4","2005-07-30 00:00:00","1988-07-09 00:00:00",
"381","381","http://kling.com/","18231634","","1","1982-09-04 00:00:00","1988-06-23 00:00:00",
"382","382","http://www.jacobipacocha.com/","34950","","2","1979-12-20 00:00:00","2002-02-18 00:00:00",
"383","383","http://www.collinsconsidine.com/","789011450","","3","1995-05-19 00:00:00","2011-09-27 00:00:00",
"384","384","http://www.schimmel.com/","292660280","","4","1994-01-01 00:00:00","1977-09-02 00:00:00",
"385","385","http://hermanhettinger.com/","260","","1","1984-08-25 00:00:00","1996-12-07 00:00:00",
"386","386","http://leffler.com/","30","","2","1985-08-20 00:00:00","2012-08-02 00:00:00",
"387","387","http://www.ryan.org/","168053","","3","1992-01-03 00:00:00","2014-11-16 00:00:00",
"388","388","http://www.kihn.org/","171","","4","1996-08-06 00:00:00","2003-01-13 00:00:00",
"389","389","http://dickinsonlemke.com/","23299","","1","1992-12-14 00:00:00","2002-03-21 00:00:00",
"390","390","http://www.sanfordcummings.com/","7209847","","2","1985-10-30 00:00:00","2009-12-12 00:00:00",
"391","391","http://www.beahan.com/","154128541","","3","1980-02-01 00:00:00","2003-03-29 00:00:00",
"392","392","http://www.bailey.com/","3989","","4","1973-02-23 00:00:00","2004-08-03 00:00:00",
"393","393","http://www.willms.com/","1722","","1","2006-10-19 00:00:00","2018-06-07 00:00:00",
"394","394","http://www.jenkins.biz/","3773373","","2","2009-01-11 00:00:00","1991-11-17 00:00:00",
"395","395","http://spinka.com/","98400385","","3","1993-08-19 00:00:00","2018-01-16 00:00:00",
"396","396","http://www.stanton.info/","404","","4","2015-11-23 00:00:00","1994-07-17 00:00:00",
"397","397","http://becker.net/","12822772","","1","2010-09-21 00:00:00","1977-05-06 00:00:00",
"398","398","http://www.carroll.biz/","196","","2","1988-03-25 00:00:00","2013-06-30 00:00:00",
"399","399","http://www.gislasongaylord.com/","46","","3","1988-04-16 00:00:00","1971-04-15 00:00:00",
"400","400","http://www.boyle.com/","356","","4","1977-12-26 00:00:00","2008-07-04 00:00:00",
"401","401","http://grahamtoy.com/","54368","","1","2007-08-01 00:00:00","2008-08-23 00:00:00",
"402","402","http://www.steuber.net/","366","","2","1992-08-04 00:00:00","1973-11-25 00:00:00",
"403","403","http://torphy.com/","207074","","3","1976-10-25 00:00:00","2012-02-25 00:00:00",
"404","404","http://leffler.info/","500482444","","4","1977-05-11 00:00:00","1972-12-14 00:00:00",
"405","405","http://cartwrightstreich.net/","386321","","1","2013-05-16 00:00:00","1977-11-19 00:00:00",
"406","406","http://www.willms.com/","49484","","2","1974-10-26 00:00:00","1996-10-24 00:00:00",
"407","407","http://www.lehner.org/","3334703","","3","2010-12-20 00:00:00","2009-10-23 00:00:00",
"408","408","http://brown.com/","30335150","","4","1990-03-15 00:00:00","1979-01-11 00:00:00",
"409","409","http://www.whitewisoky.com/","5079942","","1","1975-03-12 00:00:00","1973-03-23 00:00:00",
"410","410","http://www.olson.net/","3254","","2","1992-08-27 00:00:00","1973-09-09 00:00:00",
"411","411","http://www.dooley.net/","291","","3","1988-11-05 00:00:00","2010-06-05 00:00:00",
"412","412","http://www.powlowski.biz/","3655","","4","2014-11-26 00:00:00","1988-01-03 00:00:00",
"413","413","http://wilkinson.com/","38154569","","1","2013-05-15 00:00:00","2010-03-25 00:00:00",
"414","414","http://legroshowe.biz/","155014433","","2","1985-11-23 00:00:00","1984-03-13 00:00:00",
"415","415","http://jacobson.com/","110211926","","3","1990-04-29 00:00:00","1985-01-27 00:00:00",
"416","416","http://www.dareleuschke.com/","3398","","4","2014-08-13 00:00:00","2004-02-14 00:00:00",
"417","417","http://parisian.net/","211","","1","1981-08-19 00:00:00","2017-02-12 00:00:00",
"418","418","http://www.herzogbarrows.org/","158","","2","1994-02-21 00:00:00","2009-01-22 00:00:00",
"419","419","http://prosacco.com/","29821","","3","1994-09-02 00:00:00","1976-01-14 00:00:00",
"420","420","http://www.thompson.info/","292","","4","1992-11-10 00:00:00","1985-02-12 00:00:00",
"421","421","http://erdmanbogan.com/","188330","","1","2006-01-04 00:00:00","2018-04-03 00:00:00",
"422","422","http://aufderhar.net/","90","","2","1985-04-10 00:00:00","2000-07-16 00:00:00",
"423","423","http://stoltenbergwisozk.com/","225","","3","1971-05-05 00:00:00","2001-11-16 00:00:00",
"424","424","http://www.cole.org/","139831","","4","2017-12-18 00:00:00","1971-04-20 00:00:00",
"425","425","http://zulauf.biz/","1483598","","1","2013-01-28 00:00:00","1999-09-09 00:00:00",
"426","426","http://armstrong.org/","148","","2","1982-09-28 00:00:00","1985-09-02 00:00:00",
"427","427","http://www.stehr.net/","243","","3","2009-07-09 00:00:00","1972-10-03 00:00:00",
"428","428","http://mcclure.com/","50808838","","4","1982-03-30 00:00:00","2020-05-12 00:00:00",
"429","429","http://www.rodriguez.info/","394","","1","2016-05-22 00:00:00","1984-06-10 00:00:00",
"430","430","http://kuvalis.biz/","908734","","2","2014-04-17 00:00:00","1985-02-14 00:00:00",
"431","431","http://www.robel.com/","40982288","","3","2006-08-18 00:00:00","1971-12-24 00:00:00",
"432","432","http://www.funkrunolfsson.net/","449884","","4","2017-09-23 00:00:00","1974-10-30 00:00:00",
"433","433","http://hills.com/","172","","1","2000-10-21 00:00:00","2008-06-13 00:00:00",
"434","434","http://www.ankunding.com/","133","","2","2006-11-26 00:00:00","1996-12-22 00:00:00",
"435","435","http://stark.com/","105","","3","1985-01-13 00:00:00","1991-03-15 00:00:00",
"436","436","http://www.turner.info/","300","","4","2003-11-15 00:00:00","1996-08-04 00:00:00",
"437","437","http://emard.info/","181","","1","2019-03-21 00:00:00","1986-04-30 00:00:00",
"438","438","http://www.denesikmann.com/","19572","","2","2015-11-23 00:00:00","2000-04-03 00:00:00",
"439","439","http://www.durgan.org/","456","","3","2006-11-03 00:00:00","1980-06-21 00:00:00",
"440","440","http://okeefe.com/","14386686","","4","2011-10-22 00:00:00","1986-10-08 00:00:00",
"441","441","http://www.gleason.com/","119","","1","1976-07-23 00:00:00","1999-11-13 00:00:00",
"442","442","http://yundtlabadie.com/","2063456","","2","1998-08-17 00:00:00","2012-02-22 00:00:00",
"443","443","http://www.robelleuschke.com/","1169","","3","1972-04-11 00:00:00","1990-01-05 00:00:00",
"444","444","http://www.muellertorphy.com/","39206845","","4","1992-06-20 00:00:00","2004-04-05 00:00:00",
"445","445","http://bruen.com/","1220314","","1","2017-08-20 00:00:00","1995-04-16 00:00:00",
"446","446","http://gleichner.com/","1404317","","2","2009-08-26 00:00:00","2013-10-28 00:00:00",
"447","447","http://creminzboncak.net/","175","","3","1977-10-07 00:00:00","2011-11-16 00:00:00",
"448","448","http://www.weimann.com/","149310132","","4","1971-08-31 00:00:00","2005-12-06 00:00:00",
"449","449","http://www.schaden.info/","366","","1","1976-08-17 00:00:00","2011-05-31 00:00:00",
"450","450","http://www.waters.com/","101070","","2","1973-10-06 00:00:00","2009-01-02 00:00:00",
"451","451","http://www.lesch.net/","344","","3","1997-01-12 00:00:00","1987-11-11 00:00:00",
"452","452","http://oconnell.com/","384","","4","2010-11-09 00:00:00","1972-06-12 00:00:00",
"453","453","http://moore.com/","389","","1","1998-12-29 00:00:00","1975-03-03 00:00:00",
"454","454","http://www.windler.info/","292","","2","2001-05-19 00:00:00","1974-05-24 00:00:00",
"455","455","http://www.russelhane.net/","237","","3","1998-10-16 00:00:00","2016-02-26 00:00:00",
"456","456","http://www.rippinanderson.com/","307395436","","4","1978-09-22 00:00:00","2014-03-25 00:00:00",
"457","457","http://www.jacobs.com/","2743117","","1","1978-01-06 00:00:00","1983-02-19 00:00:00",
"458","458","http://goldnerbaumbach.org/","43032","","2","2005-07-24 00:00:00","1987-10-10 00:00:00",
"459","459","http://feesthermiston.com/","9079102","","3","1983-01-15 00:00:00","1986-09-15 00:00:00",
"460","460","http://www.goodwinmosciski.com/","30","","4","1977-11-01 00:00:00","1997-07-11 00:00:00",
"461","461","http://bradtke.org/","421545","","1","1990-07-09 00:00:00","2000-05-07 00:00:00",
"462","462","http://www.kutch.com/","59231","","2","1990-05-18 00:00:00","1987-08-12 00:00:00",
"463","463","http://steuber.com/","29448","","3","1971-03-06 00:00:00","1982-10-03 00:00:00",
"464","464","http://funk.org/","761200","","4","1973-07-04 00:00:00","2010-02-23 00:00:00",
"465","465","http://www.stoltenberg.com/","6821","","1","1991-10-11 00:00:00","1972-05-25 00:00:00",
"466","466","http://www.howezulauf.info/","1973","","2","1994-04-30 00:00:00","1990-03-15 00:00:00",
"467","467","http://johns.com/","71291","","3","1973-07-25 00:00:00","1981-03-28 00:00:00",
"468","468","http://hauckhessel.com/","733285","","4","2010-11-02 00:00:00","1984-06-27 00:00:00",
"469","469","http://www.hegmann.com/","1498","","1","2018-04-04 00:00:00","2001-03-30 00:00:00",
"470","470","http://donnellymurphy.biz/","13061","","2","1985-05-30 00:00:00","1970-02-16 00:00:00",
"471","471","http://www.nitzscheheaney.com/","20877","","3","2005-05-18 00:00:00","2014-10-14 00:00:00",
"472","472","http://langosh.com/","83924255","","4","1993-12-01 00:00:00","2003-03-26 00:00:00",
"473","473","http://www.hesselrau.com/","112355","","1","1995-07-17 00:00:00","1979-07-11 00:00:00",
"474","474","http://schimmel.org/","177","","2","1994-08-20 00:00:00","2011-02-02 00:00:00",
"475","475","http://www.heathcote.com/","532","","3","2006-03-11 00:00:00","2019-07-31 00:00:00",
"476","476","http://breitenberg.com/","1168138","","4","1979-09-29 00:00:00","2012-11-27 00:00:00",
"477","477","http://herzog.com/","286","","1","1980-10-25 00:00:00","1990-07-19 00:00:00",
"478","478","http://www.morissettegibson.com/","617","","2","1970-07-30 00:00:00","1995-08-23 00:00:00",
"479","479","http://effertz.com/","176813","","3","1992-06-13 00:00:00","1989-06-17 00:00:00",
"480","480","http://moore.biz/","819176","","4","2000-07-06 00:00:00","2002-06-04 00:00:00",
"481","481","http://blanda.com/","12","","1","2008-02-18 00:00:00","1975-01-08 00:00:00",
"482","482","http://www.crooks.biz/","4244498","","2","1992-07-26 00:00:00","1998-12-05 00:00:00",
"483","483","http://www.feest.biz/","84605647","","3","1982-08-05 00:00:00","1987-01-13 00:00:00",
"484","484","http://langworth.org/","125","","4","1987-05-11 00:00:00","2020-03-09 00:00:00",
"485","485","http://www.marks.com/","324","","1","2015-02-07 00:00:00","2003-07-12 00:00:00",
"486","486","http://smitham.com/","4719257","","2","2016-12-13 00:00:00","1989-12-28 00:00:00",
"487","487","http://hettingerbrown.org/","58223","","3","2013-08-21 00:00:00","1989-04-25 00:00:00",
"488","488","http://www.barrows.com/","67135","","4","2011-01-27 00:00:00","1970-01-16 00:00:00",
"489","489","http://rogahn.org/","284","","1","2017-05-25 00:00:00","2010-11-06 00:00:00",
"490","490","http://www.rutherfordbartell.info/","401","","2","2003-11-11 00:00:00","1995-09-29 00:00:00",
"491","491","http://douglas.com/","57115","","3","2013-08-14 00:00:00","2000-12-17 00:00:00",
"492","492","http://terry.com/","577028","","4","1978-03-27 00:00:00","1972-12-20 00:00:00",
"493","493","http://www.cole.com/","6514146","","1","2001-09-14 00:00:00","1983-10-13 00:00:00",
"494","494","http://www.leschdubuque.org/","353","","2","1978-12-03 00:00:00","2019-09-06 00:00:00",
"495","495","http://www.hansenbeatty.com/","3556","","3","1994-07-09 00:00:00","1984-09-27 00:00:00",
"496","496","http://volkmangusikowski.info/","5333","","4","1981-05-19 00:00:00","2013-04-07 00:00:00",
"497","497","http://www.dooleyhamill.com/","574045","","1","2017-06-16 00:00:00","2002-06-10 00:00:00",
"498","498","http://www.grant.com/","18017709","","2","2000-04-13 00:00:00","1971-04-17 00:00:00",
"499","499","http://gerholdweber.com/","17246","","3","2019-01-29 00:00:00","2016-12-23 00:00:00",
"500","500","http://koelpinortiz.biz/","87","","4","1976-02-28 00:00:00","1999-02-09 00:00:00",
"501","501","http://kreiger.com/","211","","1","1999-10-25 00:00:00","2008-11-27 00:00:00",
"502","502","http://www.hammespaucek.net/","209","","2","2019-07-11 00:00:00","1994-06-06 00:00:00",
"503","503","http://oconner.com/","221103172","","3","1996-11-19 00:00:00","1974-10-03 00:00:00",
"504","504","http://www.littletromp.net/","386951","","4","1979-02-08 00:00:00","2014-03-03 00:00:00",
"505","505","http://luettgencremin.com/","84991","","1","1985-06-27 00:00:00","1978-07-26 00:00:00",
"506","506","http://www.romaguerabradtke.net/","372","","2","1984-04-08 00:00:00","1987-10-29 00:00:00",
"507","507","http://www.kshlerindickinson.net/","1015","","3","2011-12-17 00:00:00","1993-07-24 00:00:00",
"508","508","http://www.cartercollins.com/","62","","4","1993-06-21 00:00:00","1998-12-22 00:00:00",
"509","509","http://cole.biz/","29643270","","1","1995-09-06 00:00:00","2011-05-30 00:00:00",
"510","510","http://lemkepowlowski.biz/","2899","","2","1978-06-24 00:00:00","1999-06-18 00:00:00",
"511","511","http://www.funk.com/","132969","","3","1985-02-21 00:00:00","2019-01-15 00:00:00",
"512","512","http://www.wolfheathcote.com/","121","","4","1978-11-22 00:00:00","2005-05-13 00:00:00",
"513","513","http://www.schaden.com/","279","","1","2006-12-05 00:00:00","2017-11-20 00:00:00",
"514","514","http://www.waelchi.com/","288","","2","1995-08-02 00:00:00","1998-05-25 00:00:00",
"515","515","http://www.schaden.info/","2459479","","3","1983-09-01 00:00:00","2004-06-14 00:00:00",
"516","516","http://oconnerfahey.net/","1946","","4","2016-12-12 00:00:00","1986-04-30 00:00:00",
"517","517","http://okeefeprosacco.com/","5708","","1","1971-08-22 00:00:00","2006-08-31 00:00:00",
"518","518","http://www.sawayn.com/","333","","2","2015-10-24 00:00:00","2009-10-08 00:00:00",
"519","519","http://www.pfeffer.com/","50708592","","3","1997-07-04 00:00:00","2011-06-07 00:00:00",
"520","520","http://www.friesen.com/","26","","4","2014-08-14 00:00:00","1986-02-23 00:00:00",
"521","521","http://stroman.com/","432241","","1","1975-03-22 00:00:00","1999-10-09 00:00:00",
"522","522","http://www.schummkozey.com/","493998839","","2","2009-11-10 00:00:00","2017-07-28 00:00:00",
"523","523","http://www.oberbrunner.biz/","762388","","3","2018-08-04 00:00:00","2013-11-12 00:00:00",
"524","524","http://harber.info/","18","","4","1998-12-31 00:00:00","1970-04-03 00:00:00",
"525","525","http://sporerleffler.org/","2873","","1","2015-12-16 00:00:00","1997-06-01 00:00:00",
"526","526","http://farrell.com/","150","","2","1981-09-16 00:00:00","1977-09-02 00:00:00",
"527","527","http://tromp.com/","2806","","3","2005-04-15 00:00:00","1980-05-20 00:00:00",
"528","528","http://www.howe.net/","311","","4","1990-11-15 00:00:00","2001-03-02 00:00:00",
"529","529","http://howell.com/","464","","1","2016-11-30 00:00:00","1984-12-19 00:00:00",
"530","530","http://johnsmckenzie.org/","201","","2","1986-06-01 00:00:00","1979-02-27 00:00:00",
"531","531","http://bailey.com/","514","","3","2002-05-25 00:00:00","1993-01-17 00:00:00",
"532","532","http://www.murazik.com/","317020898","","4","2014-10-11 00:00:00","1972-11-29 00:00:00",
"533","533","http://www.stantonweissnat.com/","227","","1","1993-01-13 00:00:00","1974-05-17 00:00:00",
"534","534","http://www.bauch.net/","70801","","2","1982-12-07 00:00:00","1993-10-04 00:00:00",
"535","535","http://pacocha.com/","685882","","3","1979-10-30 00:00:00","1982-10-26 00:00:00",
"536","536","http://walter.com/","33932","","4","1996-12-03 00:00:00","1984-09-16 00:00:00",
"537","537","http://weimann.net/","32","","1","2003-11-26 00:00:00","2018-06-20 00:00:00",
"538","538","http://www.hickle.net/","433","","2","1978-05-06 00:00:00","2000-01-22 00:00:00",
"539","539","http://www.kovacekleuschke.com/","252","","3","1994-01-27 00:00:00","2004-02-22 00:00:00",
"540","540","http://www.jerde.com/","262","","4","1987-03-24 00:00:00","1984-11-06 00:00:00",
"541","541","http://goodwin.com/","388","","1","1985-04-07 00:00:00","1992-01-31 00:00:00",
"542","542","http://mraz.info/","174","","2","2001-08-17 00:00:00","1970-04-15 00:00:00",
"543","543","http://funk.com/","51437","","3","2020-01-16 00:00:00","1980-05-26 00:00:00",
"544","544","http://hodkiewicz.com/","187","","4","2006-12-22 00:00:00","1983-10-25 00:00:00",
"545","545","http://www.langosh.com/","190","","1","2019-09-08 00:00:00","2005-12-28 00:00:00",
"546","546","http://koch.net/","459","","2","2014-04-20 00:00:00","1988-04-10 00:00:00",
"547","547","http://maggio.org/","12624746","","3","1999-10-15 00:00:00","1991-07-21 00:00:00",
"548","548","http://vonrueden.biz/","2969156","","4","2015-12-18 00:00:00","2015-02-10 00:00:00",
"549","549","http://www.cruickshankward.com/","36819","","1","1980-07-25 00:00:00","1979-10-24 00:00:00",
"550","550","http://www.abernathy.biz/","21540","","2","2001-02-21 00:00:00","2009-03-05 00:00:00",
"551","551","http://mertz.com/","143","","3","2006-06-05 00:00:00","1994-06-25 00:00:00",
"552","552","http://www.dach.com/","294","","4","1998-07-22 00:00:00","1977-07-10 00:00:00",
"553","553","http://www.smitham.com/","28118","","1","1976-08-10 00:00:00","1983-07-20 00:00:00",
"554","554","http://www.nikolauscasper.info/","1026949","","2","2002-09-24 00:00:00","2009-05-14 00:00:00",
"555","555","http://www.yundt.net/","300","","3","1999-12-07 00:00:00","1973-05-17 00:00:00",
"556","556","http://www.schamberger.net/","20829","","4","2001-06-09 00:00:00","2018-08-28 00:00:00",
"557","557","http://lehnerhansen.info/","285","","1","2012-01-19 00:00:00","2002-06-26 00:00:00",
"558","558","http://nikolaus.com/","275","","2","1992-05-08 00:00:00","1992-11-15 00:00:00",
"559","559","http://www.kertzmann.org/","386","","3","1986-11-24 00:00:00","1981-09-30 00:00:00",
"560","560","http://www.hahn.com/","5358940","","4","1996-08-11 00:00:00","1982-06-10 00:00:00",
"561","561","http://cruickshank.org/","298","","1","1998-11-25 00:00:00","2007-11-25 00:00:00",
"562","562","http://rogahn.com/","13020449","","2","2008-08-25 00:00:00","2001-03-12 00:00:00",
"563","563","http://www.hackett.info/","262","","3","2012-07-15 00:00:00","2018-09-21 00:00:00",
"564","564","http://grimes.com/","10191281","","4","1970-01-09 00:00:00","2001-07-25 00:00:00",
"565","565","http://www.shanahan.com/","100","","1","2007-05-31 00:00:00","1989-08-27 00:00:00",
"566","566","http://reynolds.com/","120111999","","2","2009-10-05 00:00:00","2002-09-21 00:00:00",
"567","567","http://jaskolski.com/","346419996","","3","1981-04-14 00:00:00","1997-09-22 00:00:00",
"568","568","http://www.hermanngibson.com/","46651","","4","2001-05-23 00:00:00","2011-07-30 00:00:00",
"569","569","http://kertzmann.info/","39","","1","1976-01-30 00:00:00","1984-03-26 00:00:00",
"570","570","http://gutmannbarton.org/","34","","2","1981-11-25 00:00:00","2008-12-08 00:00:00",
"571","571","http://www.dickens.com/","110","","3","2013-02-07 00:00:00","1986-07-14 00:00:00",
"572","572","http://conroy.com/","406","","4","1987-07-23 00:00:00","2015-03-19 00:00:00",
"573","573","http://www.sporer.com/","48812388","","1","1984-11-16 00:00:00","1981-11-01 00:00:00",
"574","574","http://aufderhar.org/","10761","","2","1974-10-27 00:00:00","1999-07-07 00:00:00",
"575","575","http://www.effertz.com/","11985584","","3","1995-03-05 00:00:00","1985-06-04 00:00:00",
"576","576","http://www.kochnikolaus.info/","440319452","","4","2018-11-17 00:00:00","2006-06-09 00:00:00",
"577","577","http://www.kerluke.info/","243868","","1","1971-03-20 00:00:00","2003-12-13 00:00:00",
"578","578","http://turcottesmitham.com/","351","","2","2012-08-04 00:00:00","1980-09-25 00:00:00",
"579","579","http://www.morissette.com/","2087554","","3","2017-11-03 00:00:00","2008-06-08 00:00:00",
"580","580","http://www.schultz.com/","562","","4","2019-01-14 00:00:00","1984-08-25 00:00:00",
"581","581","http://www.glover.com/","377","","1","1996-11-23 00:00:00","2011-05-02 00:00:00",
"582","582","http://hillskuhlman.com/","333","","2","1973-03-20 00:00:00","1975-09-07 00:00:00",
"583","583","http://www.bartoletti.com/","63328371","","3","2009-07-15 00:00:00","1996-12-25 00:00:00",
"584","584","http://gleichner.com/","309","","4","2015-05-20 00:00:00","1995-03-17 00:00:00",
"585","585","http://www.beahansanford.com/","166","","1","2019-12-18 00:00:00","1985-01-15 00:00:00",
"586","586","http://paucekhodkiewicz.biz/","50","","2","1981-08-09 00:00:00","1976-06-08 00:00:00",
"587","587","http://www.hickle.net/","7945764","","3","1976-04-28 00:00:00","1977-01-25 00:00:00",
"588","588","http://www.ebert.org/","268","","4","1983-04-08 00:00:00","1981-01-16 00:00:00",
"589","589","http://schaeferlangworth.info/","113038627","","1","2018-02-06 00:00:00","1979-10-19 00:00:00",
"590","590","http://hudsonreinger.com/","738","","2","1978-08-01 00:00:00","1982-04-09 00:00:00",
"591","591","http://dare.com/","27316836","","3","2007-01-10 00:00:00","2011-08-10 00:00:00",
"592","592","http://cremin.com/","276","","4","1991-08-25 00:00:00","1992-08-21 00:00:00",
"593","593","http://www.kovacek.com/","299","","1","2006-11-21 00:00:00","2014-03-05 00:00:00",
"594","594","http://www.rippin.com/","2851","","2","2011-03-19 00:00:00","1979-12-30 00:00:00",
"595","595","http://cronin.com/","5870705","","3","2008-12-10 00:00:00","2001-10-19 00:00:00",
"596","596","http://balistreri.org/","246","","4","1988-03-02 00:00:00","1977-10-06 00:00:00",
"597","597","http://sauerklein.info/","6366","","1","2011-11-14 00:00:00","2013-09-04 00:00:00",
"598","598","http://mcculloughbrown.net/","7892350","","2","1976-11-05 00:00:00","1972-08-15 00:00:00",
"599","599","http://www.harvey.com/","448","","3","1985-12-22 00:00:00","2008-12-18 00:00:00",
"600","600","http://www.caspersimonis.com/","417","","4","1984-03-11 00:00:00","1990-11-01 00:00:00",
"601","601","http://www.ratkehahn.info/","3185622","","1","2013-11-21 00:00:00","2015-02-12 00:00:00",
"602","602","http://www.kerlukelubowitz.com/","56","","2","1973-12-05 00:00:00","2010-11-26 00:00:00",
"603","603","http://www.sipesnicolas.com/","5588","","3","2017-10-17 00:00:00","2002-04-22 00:00:00",
"604","604","http://heidenreichemmerich.com/","2330","","4","1987-03-29 00:00:00","1990-03-04 00:00:00",
"605","605","http://www.johnson.com/","288","","1","2016-06-06 00:00:00","1994-02-22 00:00:00",
"606","606","http://www.bartell.com/","29328","","2","2013-04-20 00:00:00","1992-07-15 00:00:00",
"607","607","http://willmsmarquardt.org/","4","","3","2017-01-21 00:00:00","2010-08-22 00:00:00",
"608","608","http://www.collierturner.com/","242","","4","1997-09-11 00:00:00","2020-06-06 00:00:00",
"609","609","http://www.runolfsdottir.com/","81096","","1","2008-07-04 00:00:00","2002-03-26 00:00:00",
"610","610","http://www.emmerich.com/","611020150","","2","2007-02-23 00:00:00","1977-10-13 00:00:00",
"611","611","http://feest.com/","187","","3","1972-03-16 00:00:00","2018-12-15 00:00:00",
"612","612","http://colereilly.org/","1585514","","4","2002-04-19 00:00:00","1997-03-07 00:00:00",
"613","613","http://www.gusikowskikutch.org/","64788","","1","2006-11-16 00:00:00","1980-04-27 00:00:00",
"614","614","http://www.feest.com/","1399","","2","1970-08-26 00:00:00","2002-03-25 00:00:00",
"615","615","http://www.waelchi.com/","34544197","","3","1976-09-01 00:00:00","2019-09-12 00:00:00",
"616","616","http://abernathywiza.com/","449","","4","2013-08-31 00:00:00","1974-01-26 00:00:00",
"617","617","http://www.waters.com/","480127","","1","2002-05-11 00:00:00","1998-10-28 00:00:00",
"618","618","http://www.sauer.com/","15072920","","2","1997-11-17 00:00:00","2014-05-07 00:00:00",
"619","619","http://tillmandeckow.com/","503","","3","1995-11-22 00:00:00","2010-01-16 00:00:00",
"620","620","http://www.gutkowski.biz/","5719","","4","2001-03-18 00:00:00","1997-10-21 00:00:00",
"621","621","http://franeckischiller.org/","190","","1","1973-11-29 00:00:00","1970-02-19 00:00:00",
"622","622","http://www.parker.com/","73388","","2","1996-12-10 00:00:00","2003-08-27 00:00:00",
"623","623","http://lowe.com/","40525465","","3","1990-08-18 00:00:00","1994-01-11 00:00:00",
"624","624","http://www.kuvalis.com/","3578018","","4","1984-09-19 00:00:00","2000-11-12 00:00:00",
"625","625","http://www.willms.com/","107413","","1","1997-10-20 00:00:00","1994-01-26 00:00:00",
"626","626","http://wilkinson.info/","500800687","","2","1975-06-24 00:00:00","2015-08-02 00:00:00",
"627","627","http://mitchell.com/","3930","","3","2007-02-23 00:00:00","2010-04-09 00:00:00",
"628","628","http://www.mohr.org/","401","","4","2016-04-04 00:00:00","1974-03-07 00:00:00",
"629","629","http://www.weberparisian.com/","301729139","","1","1987-06-29 00:00:00","2012-03-29 00:00:00",
"630","630","http://wisozkeffertz.com/","69133","","2","1971-04-19 00:00:00","1991-05-01 00:00:00",
"631","631","http://www.schaefererdman.com/","4056103","","3","1980-06-29 00:00:00","1982-01-10 00:00:00",
"632","632","http://www.toy.com/","436","","4","1978-12-26 00:00:00","1974-09-07 00:00:00",
"633","633","http://www.sporer.com/","380","","1","1994-10-19 00:00:00","1988-08-12 00:00:00",
"634","634","http://beier.info/","925788","","2","2009-07-11 00:00:00","2015-09-28 00:00:00",
"635","635","http://www.torphyhammes.biz/","7719","","3","1999-06-06 00:00:00","1974-01-31 00:00:00",
"636","636","http://www.roberts.com/","143424714","","4","2004-06-17 00:00:00","1990-03-27 00:00:00",
"637","637","http://www.rodriguezhodkiewicz.org/","199905926","","1","2004-03-05 00:00:00","1987-10-28 00:00:00",
"638","638","http://www.hellerflatley.org/","385","","2","1999-03-03 00:00:00","1991-09-21 00:00:00",
"639","639","http://www.rohan.com/","27981","","3","1988-01-17 00:00:00","1996-12-08 00:00:00",
"640","640","http://hagenes.com/","444","","4","1976-01-18 00:00:00","2017-12-16 00:00:00",
"641","641","http://dubuque.net/","106","","1","2010-10-20 00:00:00","2004-12-09 00:00:00",
"642","642","http://rau.info/","382","","2","2018-12-22 00:00:00","2019-10-10 00:00:00",
"643","643","http://king.com/","611401","","3","1978-12-04 00:00:00","1986-03-07 00:00:00",
"644","644","http://corkery.com/","61273163","","4","1971-10-04 00:00:00","2004-05-15 00:00:00",
"645","645","http://www.skiles.net/","362","","1","2004-09-10 00:00:00","2002-07-08 00:00:00",
"646","646","http://bogisich.biz/","132","","2","2001-02-25 00:00:00","1976-10-14 00:00:00",
"647","647","http://www.friesenpagac.info/","621","","3","1996-06-02 00:00:00","1985-01-12 00:00:00",
"648","648","http://bosco.com/","22384426","","4","1984-06-09 00:00:00","1976-11-21 00:00:00",
"649","649","http://www.bartell.net/","4204","","1","1975-10-26 00:00:00","1978-04-23 00:00:00",
"650","650","http://labadie.net/","7594","","2","1981-12-27 00:00:00","2017-06-07 00:00:00",
"651","651","http://kiehn.com/","286","","3","1987-08-25 00:00:00","1998-10-23 00:00:00",
"652","652","http://murray.com/","2460","","4","1975-11-19 00:00:00","1984-03-26 00:00:00",
"653","653","http://www.kirlin.org/","4021458","","1","2018-10-20 00:00:00","1996-06-08 00:00:00",
"654","654","http://considinewindler.net/","35659248","","2","1970-10-12 00:00:00","2005-11-26 00:00:00",
"655","655","http://hillsbednar.com/","317","","3","2007-03-01 00:00:00","2015-08-30 00:00:00",
"656","656","http://daugherty.com/","353102697","","4","2018-04-06 00:00:00","1986-05-27 00:00:00",
"657","657","http://willhamill.com/","399","","1","2013-08-26 00:00:00","2007-03-27 00:00:00",
"658","658","http://www.schusterbraun.info/","458","","2","2002-04-10 00:00:00","1989-07-15 00:00:00",
"659","659","http://luettgenromaguera.org/","323","","3","1983-12-21 00:00:00","1989-12-14 00:00:00",
"660","660","http://www.gulgowski.com/","867","","4","2003-07-01 00:00:00","2002-11-17 00:00:00",
"661","661","http://www.gusikowski.info/","391","","1","1979-11-04 00:00:00","1983-09-21 00:00:00",
"662","662","http://www.hanedibbert.com/","1135828","","2","1999-04-12 00:00:00","1971-06-14 00:00:00",
"663","663","http://www.fisher.info/","72920","","3","2015-12-11 00:00:00","1997-08-19 00:00:00",
"664","664","http://schowaltersteuber.com/","386","","4","2003-10-29 00:00:00","2017-10-09 00:00:00",
"665","665","http://www.waters.com/","333589","","1","1983-07-27 00:00:00","1988-10-02 00:00:00",
"666","666","http://www.creminleuschke.net/","336","","2","1975-02-12 00:00:00","2004-03-05 00:00:00",
"667","667","http://wizamills.info/","377","","3","1993-09-10 00:00:00","1990-03-18 00:00:00",
"668","668","http://www.farrell.com/","142062394","","4","1976-03-08 00:00:00","1974-02-15 00:00:00",
"669","669","http://herzog.com/","1020","","1","2008-10-19 00:00:00","2011-06-21 00:00:00",
"670","670","http://www.erdman.org/","17877","","2","2012-08-08 00:00:00","1984-01-01 00:00:00",
"671","671","http://johnson.com/","412300","","3","2011-10-12 00:00:00","2020-07-19 00:00:00",
"672","672","http://www.adamsblanda.biz/","151554798","","4","2019-11-11 00:00:00","1981-02-22 00:00:00",
"673","673","http://www.kuhlman.com/","162","","1","1978-11-10 00:00:00","2014-01-08 00:00:00",
"674","674","http://www.lockmanlarson.info/","399","","2","1987-09-18 00:00:00","2009-04-15 00:00:00",
"675","675","http://www.rodriguez.com/","220","","3","2018-08-24 00:00:00","2018-12-13 00:00:00",
"676","676","http://www.gutmannlemke.com/","727","","4","2003-08-13 00:00:00","1980-08-30 00:00:00",
"677","677","http://hauck.info/","33752076","","1","1979-02-25 00:00:00","1977-05-06 00:00:00",
"678","678","http://barrowsboyer.info/","3917","","2","2017-07-16 00:00:00","1999-01-12 00:00:00",
"679","679","http://www.murray.info/","289","","3","2011-06-22 00:00:00","2010-04-03 00:00:00",
"680","680","http://www.kundeweimann.com/","1783991","","4","1986-04-09 00:00:00","2019-06-08 00:00:00",
"681","681","http://aufderharmacejkovic.info/","438626937","","1","2011-07-08 00:00:00","1977-06-28 00:00:00",
"682","682","http://gerholdhettinger.org/","334","","2","2007-07-21 00:00:00","2009-03-26 00:00:00",
"683","683","http://ankunding.com/","5780637","","3","2010-11-30 00:00:00","1995-08-27 00:00:00",
"684","684","http://ziemann.com/","310240465","","4","2019-06-29 00:00:00","1978-04-20 00:00:00",
"685","685","http://www.murray.info/","37","","1","2012-11-03 00:00:00","2016-03-30 00:00:00",
"686","686","http://hayesconn.com/","467522","","2","1997-12-20 00:00:00","1971-04-27 00:00:00",
"687","687","http://oconnell.com/","15786022","","3","1977-03-29 00:00:00","1996-09-16 00:00:00",
"688","688","http://www.hudsoncrist.com/","1649","","4","2004-10-03 00:00:00","2015-10-23 00:00:00",
"689","689","http://www.cristgreen.com/","567212","","1","1996-12-25 00:00:00","1996-05-31 00:00:00",
"690","690","http://glover.com/","766","","2","1984-04-11 00:00:00","1979-10-10 00:00:00",
"691","691","http://hintzmonahan.org/","199431","","3","1992-06-14 00:00:00","2019-07-18 00:00:00",
"692","692","http://hauck.com/","106","","4","2010-05-02 00:00:00","1985-05-18 00:00:00",
"693","693","http://www.predovic.biz/","2077","","1","1989-09-15 00:00:00","1974-10-21 00:00:00",
"694","694","http://www.funk.com/","7861927","","2","2018-02-28 00:00:00","1994-06-06 00:00:00",
"695","695","http://schmidt.com/","69100611","","3","2015-12-27 00:00:00","1980-10-29 00:00:00",
"696","696","http://www.hirthe.com/","219050209","","4","1981-12-23 00:00:00","1987-05-11 00:00:00",
"697","697","http://boehm.com/","284","","1","2014-11-11 00:00:00","1982-05-06 00:00:00",
"698","698","http://emardschulist.net/","33066871","","2","1987-08-03 00:00:00","2019-09-11 00:00:00",
"699","699","http://www.gerlach.org/","1678300","","3","2000-03-12 00:00:00","1979-02-15 00:00:00",
"700","700","http://ratkecarter.info/","12374503","","4","1977-02-16 00:00:00","1993-11-21 00:00:00",
"701","701","http://westgreenholt.com/","4379359","","1","1980-09-08 00:00:00","2000-01-31 00:00:00",
"702","702","http://www.morissette.biz/","826271329","","2","1986-04-12 00:00:00","1991-02-07 00:00:00",
"703","703","http://www.runte.info/","201","","3","1991-04-26 00:00:00","1974-09-02 00:00:00",
"704","704","http://www.cummeratahessel.com/","272","","4","2006-12-16 00:00:00","1983-12-25 00:00:00",
"705","705","http://www.blick.com/","607954","","1","1982-06-12 00:00:00","1978-03-25 00:00:00",
"706","706","http://waltermorar.com/","7635093","","2","2005-05-03 00:00:00","2001-03-27 00:00:00",
"707","707","http://www.auer.com/","238","","3","1978-08-22 00:00:00","1978-02-19 00:00:00",
"708","708","http://boyerjerde.com/","264","","4","1988-01-29 00:00:00","1971-04-28 00:00:00",
"709","709","http://www.kemmerparisian.com/","23915983","","1","1995-03-03 00:00:00","1994-12-14 00:00:00",
"710","710","http://sporerdietrich.com/","4368080","","2","1981-01-14 00:00:00","1997-03-08 00:00:00",
"711","711","http://www.crooksschinner.biz/","344","","3","1974-03-28 00:00:00","1970-03-29 00:00:00",
"712","712","http://www.schamberger.info/","344","","4","1987-05-31 00:00:00","1990-03-30 00:00:00",
"713","713","http://king.org/","62","","1","2007-01-07 00:00:00","1988-07-05 00:00:00",
"714","714","http://hagenesstoltenberg.com/","1576800","","2","1985-08-05 00:00:00","2015-09-07 00:00:00",
"715","715","http://www.romaguera.info/","149","","3","1994-10-17 00:00:00","1970-11-10 00:00:00",
"716","716","http://kunze.com/","641101","","4","2012-11-05 00:00:00","1999-08-03 00:00:00",
"717","717","http://www.johnston.org/","1212","","1","2007-07-13 00:00:00","2005-02-22 00:00:00",
"718","718","http://yostkunde.com/","329337092","","2","2001-05-17 00:00:00","1987-03-14 00:00:00",
"719","719","http://www.yundt.com/","37","","3","1992-01-22 00:00:00","1982-04-07 00:00:00",
"720","720","http://www.emard.com/","39677","","4","1975-04-10 00:00:00","1971-09-21 00:00:00",
"721","721","http://www.ankunding.biz/","790","","1","1994-04-04 00:00:00","1976-10-14 00:00:00",
"722","722","http://www.mcculloughbednar.info/","519","","2","1991-01-15 00:00:00","1988-11-28 00:00:00",
"723","723","http://www.ondricka.com/","396","","3","2014-08-30 00:00:00","2007-12-25 00:00:00",
"724","724","http://www.wolf.com/","275","","4","2017-11-09 00:00:00","1983-03-31 00:00:00",
"725","725","http://gutmannbeatty.com/","270","","1","1980-12-10 00:00:00","2017-07-13 00:00:00",
"726","726","http://www.rodriguez.biz/","146","","2","1977-10-01 00:00:00","1994-05-16 00:00:00",
"727","727","http://ohara.net/","439354","","3","1992-10-30 00:00:00","2004-08-22 00:00:00",
"728","728","http://www.mraz.com/","376","","4","1994-08-30 00:00:00","2011-04-18 00:00:00",
"729","729","http://morissette.com/","59","","1","1995-05-17 00:00:00","1994-05-19 00:00:00",
"730","730","http://bergnaumlittle.net/","224","","2","1991-06-04 00:00:00","1986-09-29 00:00:00",
"731","731","http://www.mckenzie.com/","403260","","3","1993-08-12 00:00:00","2006-05-18 00:00:00",
"732","732","http://www.danielmoore.com/","170","","4","2019-01-14 00:00:00","1988-11-03 00:00:00",
"733","733","http://lockman.com/","34318","","1","2006-05-08 00:00:00","2014-07-15 00:00:00",
"734","734","http://reynoldsherman.com/","361","","2","1974-08-08 00:00:00","2015-12-06 00:00:00",
"735","735","http://millerprohaska.net/","40181","","3","1998-04-16 00:00:00","1980-04-13 00:00:00",
"736","736","http://www.conroy.com/","183994","","4","2018-07-18 00:00:00","1982-04-06 00:00:00",
"737","737","http://langworthpurdy.org/","22691","","1","1999-09-23 00:00:00","1984-05-21 00:00:00",
"738","738","http://olsonparisian.com/","154876992","","2","2009-10-07 00:00:00","1970-04-13 00:00:00",
"739","739","http://boyer.info/","348932828","","3","2002-12-10 00:00:00","1997-04-29 00:00:00",
"740","740","http://www.thielzulauf.com/","270","","4","1990-03-23 00:00:00","2019-05-17 00:00:00",
"741","741","http://www.jaskolski.biz/","3201608","","1","1978-01-18 00:00:00","1978-05-16 00:00:00",
"742","742","http://conroy.com/","4816845","","2","1990-04-19 00:00:00","1997-04-07 00:00:00",
"743","743","http://www.gaylord.com/","245","","3","1996-10-12 00:00:00","2020-02-24 00:00:00",
"744","744","http://www.kochharvey.com/","321025","","4","1974-08-27 00:00:00","1975-11-04 00:00:00",
"745","745","http://www.ondricka.info/","419","","1","1970-03-22 00:00:00","2018-08-31 00:00:00",
"746","746","http://douglaskerluke.com/","16811689","","2","2004-03-25 00:00:00","2003-11-20 00:00:00",
"747","747","http://baumbach.com/","171","","3","1982-05-24 00:00:00","2010-11-10 00:00:00",
"748","748","http://rutherford.com/","389","","4","1982-02-07 00:00:00","1980-07-15 00:00:00",
"749","749","http://www.torphy.info/","6863","","1","1989-01-30 00:00:00","1981-04-14 00:00:00",
"750","750","http://croninschoen.com/","129","","2","1970-05-18 00:00:00","2017-05-21 00:00:00",
"751","751","http://www.monahan.com/","380","","3","2020-07-01 00:00:00","2016-07-06 00:00:00",
"752","752","http://reillymorar.com/","255161","","4","1975-11-03 00:00:00","1997-03-21 00:00:00",
"753","753","http://www.franeckiemmerich.com/","227","","1","1994-09-08 00:00:00","2005-06-19 00:00:00",
"754","754","http://www.tremblayauer.info/","426","","2","2015-08-30 00:00:00","2002-05-16 00:00:00",
"755","755","http://www.stoltenberg.com/","174376035","","3","2008-03-18 00:00:00","1981-08-29 00:00:00",
"756","756","http://bergereilly.org/","237041988","","4","1999-06-17 00:00:00","1982-05-21 00:00:00",
"757","757","http://www.sawayn.biz/","79","","1","1988-12-30 00:00:00","2010-05-06 00:00:00",
"758","758","http://konopelskirenner.org/","7229","","2","2020-04-30 00:00:00","1984-12-28 00:00:00",
"759","759","http://www.spinkabernhard.com/","8628180","","3","2017-02-03 00:00:00","1971-12-05 00:00:00",
"760","760","http://kris.com/","139895","","4","1980-10-07 00:00:00","1984-02-13 00:00:00",
"761","761","http://www.feil.com/","41121021","","1","2010-03-14 00:00:00","1989-03-03 00:00:00",
"762","762","http://www.witting.com/","2045173","","2","2020-06-01 00:00:00","2003-04-08 00:00:00",
"763","763","http://www.dooley.net/","171","","3","1989-08-02 00:00:00","1993-07-15 00:00:00",
"764","764","http://kuhicmraz.com/","126","","4","2007-12-23 00:00:00","2005-08-15 00:00:00",
"765","765","http://www.johnston.com/","385","","1","1979-05-17 00:00:00","2002-09-15 00:00:00",
"766","766","http://white.com/","2185","","2","2001-04-10 00:00:00","2007-08-08 00:00:00",
"767","767","http://hayesfisher.biz/","134940952","","3","1998-01-04 00:00:00","2005-12-29 00:00:00",
"768","768","http://www.schultz.com/","376","","4","2001-10-09 00:00:00","1975-08-05 00:00:00",
"769","769","http://www.miller.com/","89078","","1","1977-01-24 00:00:00","1979-10-23 00:00:00",
"770","770","http://www.flatley.com/","609","","2","2010-05-02 00:00:00","1973-07-25 00:00:00",
"771","771","http://www.kubmorissette.com/","58564","","3","1987-02-22 00:00:00","1971-04-04 00:00:00",
"772","772","http://www.hermangusikowski.com/","25501","","4","1971-01-15 00:00:00","1996-11-08 00:00:00",
"773","773","http://sporer.biz/","302","","1","1980-08-12 00:00:00","2020-08-28 00:00:00",
"774","774","http://www.hayes.biz/","625414972","","2","1984-06-17 00:00:00","1973-07-29 00:00:00",
"775","775","http://www.mann.info/","29","","3","1977-09-04 00:00:00","1993-06-10 00:00:00",
"776","776","http://romaguera.org/","3657575","","4","1994-03-04 00:00:00","2019-05-30 00:00:00",
"777","777","http://walsh.com/","50348","","1","2010-01-08 00:00:00","1970-08-11 00:00:00",
"778","778","http://aufderhar.org/","74","","2","1986-10-02 00:00:00","1997-09-22 00:00:00",
"779","779","http://considinedibbert.com/","246","","3","1979-09-11 00:00:00","1986-06-06 00:00:00",
"780","780","http://www.morissette.com/","65783","","4","2019-11-15 00:00:00","2020-04-09 00:00:00",
"781","781","http://runolfssonhuel.com/","462","","1","2004-09-27 00:00:00","1983-12-05 00:00:00",
"782","782","http://mcglynn.com/","48363","","2","2016-06-21 00:00:00","1979-02-16 00:00:00",
"783","783","http://www.heathcote.com/","2028425","","3","1987-04-11 00:00:00","1980-03-20 00:00:00",
"784","784","http://klinggoyette.com/","355","","4","2015-11-11 00:00:00","2012-11-09 00:00:00",
"785","785","http://www.ratke.com/","123","","1","2012-08-03 00:00:00","2001-01-19 00:00:00",
"786","786","http://www.kassulkebalistreri.com/","48","","2","1978-07-14 00:00:00","1983-07-26 00:00:00",
"787","787","http://wunschwisoky.info/","22513","","3","1989-12-06 00:00:00","2013-07-06 00:00:00",
"788","788","http://considinenolan.net/","177","","4","1986-12-20 00:00:00","1987-06-17 00:00:00",
"789","789","http://jenkins.info/","7186026","","1","2010-03-29 00:00:00","2005-04-03 00:00:00",
"790","790","http://trantow.net/","1842","","2","2019-06-28 00:00:00","2015-04-11 00:00:00",
"791","791","http://heathcote.com/","210","","3","2019-05-20 00:00:00","1981-10-17 00:00:00",
"792","792","http://www.parker.info/","264880","","4","1984-07-30 00:00:00","2012-10-23 00:00:00",
"793","793","http://www.schoen.biz/","176564","","1","2005-03-20 00:00:00","1987-04-17 00:00:00",
"794","794","http://mcclurelangworth.com/","310","","2","2007-05-31 00:00:00","2010-03-04 00:00:00",
"795","795","http://tillman.com/","8278196","","3","1997-12-01 00:00:00","1990-09-02 00:00:00",
"796","796","http://ullrich.com/","302","","4","2005-09-25 00:00:00","1989-08-15 00:00:00",
"797","797","http://www.hirthe.org/","374","","1","1989-04-01 00:00:00","1988-10-15 00:00:00",
"798","798","http://www.runte.org/","699","","2","2019-05-09 00:00:00","1987-02-06 00:00:00",
"799","799","http://schuppe.com/","100","","3","1971-06-07 00:00:00","2012-08-08 00:00:00",
"800","800","http://www.hintz.net/","111824","","4","2016-02-19 00:00:00","1994-02-03 00:00:00",
"801","801","http://casperkunze.net/","720364","","1","1974-11-17 00:00:00","2011-04-20 00:00:00",
"802","802","http://buckridge.info/","147","","2","1997-01-29 00:00:00","1995-08-20 00:00:00",
"803","803","http://zulauf.com/","296522","","3","1980-03-14 00:00:00","1980-10-10 00:00:00",
"804","804","http://bogisich.org/","3886980","","4","1979-12-14 00:00:00","2017-02-12 00:00:00",
"805","805","http://considine.com/","112","","1","1997-04-14 00:00:00","1987-12-02 00:00:00",
"806","806","http://prosacco.com/","10339","","2","1982-02-12 00:00:00","1983-08-03 00:00:00",
"807","807","http://www.prohaska.net/","460","","3","2016-07-10 00:00:00","2016-06-02 00:00:00",
"808","808","http://graham.com/","4493474","","4","1970-02-19 00:00:00","2002-10-03 00:00:00",
"809","809","http://schneider.com/","437957","","1","1984-12-28 00:00:00","2015-10-01 00:00:00",
"810","810","http://www.hilllbode.com/","399","","2","2014-06-30 00:00:00","2011-02-02 00:00:00",
"811","811","http://donnellycollier.com/","85023","","3","1986-01-15 00:00:00","2014-11-30 00:00:00",
"812","812","http://white.com/","15033765","","4","1978-09-25 00:00:00","1977-09-10 00:00:00",
"813","813","http://www.schroeder.com/","385","","1","2002-07-22 00:00:00","1981-05-11 00:00:00",
"814","814","http://www.sauerdaugherty.com/","6950","","2","2014-10-26 00:00:00","1990-12-29 00:00:00",
"815","815","http://www.turner.net/","171826747","","3","1982-11-23 00:00:00","1992-05-31 00:00:00",
"816","816","http://jacobs.com/","607","","4","1999-10-01 00:00:00","1983-07-04 00:00:00",
"817","817","http://www.auer.com/","138734","","1","1970-11-26 00:00:00","1986-06-12 00:00:00",
"818","818","http://oreillystark.com/","1845","","2","1976-10-03 00:00:00","1978-04-03 00:00:00",
"819","819","http://brekkewilkinson.info/","425","","3","1999-06-30 00:00:00","1997-01-10 00:00:00",
"820","820","http://www.wisoky.info/","942","","4","2000-02-19 00:00:00","1997-06-26 00:00:00",
"821","821","http://www.olson.com/","4791","","1","2010-04-26 00:00:00","1997-03-18 00:00:00",
"822","822","http://gottlieb.com/","317786674","","2","1994-09-13 00:00:00","1983-07-30 00:00:00",
"823","823","http://www.orn.com/","233964","","3","1971-01-22 00:00:00","1980-03-04 00:00:00",
"824","824","http://www.kohler.biz/","6432","","4","1995-10-28 00:00:00","2009-05-19 00:00:00",
"825","825","http://jones.org/","4764196","","1","1986-01-31 00:00:00","1996-12-01 00:00:00",
"826","826","http://padberg.com/","44","","2","1984-06-25 00:00:00","1983-11-01 00:00:00",
"827","827","http://www.walker.com/","1921","","3","1992-02-15 00:00:00","2017-08-09 00:00:00",
"828","828","http://weimann.com/","3384","","4","1998-06-11 00:00:00","1991-12-12 00:00:00",
"829","829","http://wiza.com/","256","","1","1995-11-17 00:00:00","1977-12-22 00:00:00",
"830","830","http://www.mccullough.com/","913","","2","1971-11-20 00:00:00","2000-05-01 00:00:00",
"831","831","http://www.williamsonspinka.net/","4689","","3","1981-09-30 00:00:00","1988-08-18 00:00:00",
"832","832","http://nikolaus.net/","81848","","4","1985-01-14 00:00:00","1993-02-14 00:00:00",
"833","833","http://www.baumbach.biz/","172065203","","1","2000-09-24 00:00:00","1973-10-09 00:00:00",
"834","834","http://www.wehnerweissnat.com/","6594645","","2","2009-02-16 00:00:00","1986-01-04 00:00:00",
"835","835","http://leffler.info/","2561","","3","1996-07-24 00:00:00","1985-09-18 00:00:00",
"836","836","http://graham.org/","207","","4","2009-03-15 00:00:00","1989-03-24 00:00:00",
"837","837","http://www.raynormorar.biz/","126","","1","2012-07-01 00:00:00","1994-09-12 00:00:00",
"838","838","http://ryan.com/","336","","2","2017-02-13 00:00:00","2000-09-09 00:00:00",
"839","839","http://www.schamberger.com/","275","","3","1997-04-01 00:00:00","1972-10-02 00:00:00",
"840","840","http://www.ledner.com/","13467285","","4","1986-03-21 00:00:00","2018-11-03 00:00:00",
"841","841","http://www.oconnell.com/","3417","","1","2017-09-02 00:00:00","1982-03-18 00:00:00",
"842","842","http://warddurgan.com/","372","","2","2012-01-11 00:00:00","1993-09-19 00:00:00",
"843","843","http://predovicmurphy.info/","28942445","","3","2012-02-11 00:00:00","1979-01-15 00:00:00",
"844","844","http://smith.net/","49395015","","4","2000-11-05 00:00:00","1978-05-18 00:00:00",
"845","845","http://www.maggioschiller.com/","325","","1","1991-11-20 00:00:00","1983-04-08 00:00:00",
"846","846","http://www.rodriguezcormier.biz/","2886825","","2","2010-08-04 00:00:00","2010-06-24 00:00:00",
"847","847","http://www.halvorson.net/","41499","","3","1985-05-14 00:00:00","1987-11-12 00:00:00",
"848","848","http://kuvalis.com/","21","","4","1998-12-10 00:00:00","2013-12-19 00:00:00",
"849","849","http://mitchell.org/","3919937","","1","2012-02-01 00:00:00","1976-12-14 00:00:00",
"850","850","http://www.lemke.com/","52179631","","2","2001-05-20 00:00:00","2003-11-13 00:00:00",
"851","851","http://www.willms.com/","472","","3","1984-10-07 00:00:00","1982-10-26 00:00:00",
"852","852","http://www.hilllcrooks.com/","258","","4","1972-08-03 00:00:00","1999-01-29 00:00:00",
"853","853","http://www.quitzon.biz/","19215","","1","2009-05-10 00:00:00","2018-05-23 00:00:00",
"854","854","http://collier.com/","460439","","2","1983-07-17 00:00:00","2018-08-10 00:00:00",
"855","855","http://www.hammesfeest.com/","61138","","3","1978-09-25 00:00:00","1977-07-08 00:00:00",
"856","856","http://www.funk.info/","1396","","4","1970-07-03 00:00:00","1999-04-24 00:00:00",
"857","857","http://www.hesselconnelly.org/","3685977","","1","1976-12-17 00:00:00","1988-01-04 00:00:00",
"858","858","http://davisrunolfsson.biz/","16500","","2","1979-04-12 00:00:00","1996-10-21 00:00:00",
"859","859","http://www.nikolaus.net/","488","","3","1993-08-05 00:00:00","1977-05-22 00:00:00",
"860","860","http://www.keebler.biz/","403","","4","2020-09-01 00:00:00","1975-05-30 00:00:00",
"861","861","http://mertz.com/","123323764","","1","1994-11-26 00:00:00","1979-05-31 00:00:00",
"862","862","http://www.glovermiller.net/","284","","2","2008-05-13 00:00:00","1995-06-07 00:00:00",
"863","863","http://www.sawaynrosenbaum.com/","54861207","","3","1986-06-03 00:00:00","2002-03-11 00:00:00",
"864","864","http://www.langgoldner.com/","6447","","4","2004-09-03 00:00:00","2013-10-20 00:00:00",
"865","865","http://weissnat.com/","127886","","1","2010-03-29 00:00:00","1983-12-27 00:00:00",
"866","866","http://www.lakin.com/","216600","","2","1981-01-08 00:00:00","1989-12-10 00:00:00",
"867","867","http://mayerhilpert.com/","152","","3","1987-01-11 00:00:00","1974-11-12 00:00:00",
"868","868","http://wolff.com/","25401524","","4","1996-10-16 00:00:00","2004-06-20 00:00:00",
"869","869","http://www.murphy.com/","816","","1","1993-08-24 00:00:00","1996-01-19 00:00:00",
"870","870","http://www.wuckerthermann.com/","1049236","","2","1994-05-11 00:00:00","1987-02-19 00:00:00",
"871","871","http://www.cruickshankfarrell.info/","268900","","3","2006-08-01 00:00:00","2009-05-20 00:00:00",
"872","872","http://www.streich.org/","688569","","4","2011-07-19 00:00:00","1988-08-27 00:00:00",
"873","873","http://www.feil.info/","14865","","1","1986-11-30 00:00:00","2005-11-01 00:00:00",
"874","874","http://www.rempel.com/","1057","","2","2014-04-06 00:00:00","1988-01-15 00:00:00",
"875","875","http://www.williamson.com/","2666","","3","1971-10-22 00:00:00","2000-08-30 00:00:00",
"876","876","http://stokes.net/","511","","4","1987-08-04 00:00:00","2001-05-28 00:00:00",
"877","877","http://schamberger.com/","250","","1","1974-04-15 00:00:00","1991-03-24 00:00:00",
"878","878","http://hudsonlowe.net/","246549","","2","1973-08-06 00:00:00","1995-11-20 00:00:00",
"879","879","http://hermann.com/","17842","","3","2014-07-31 00:00:00","1999-11-19 00:00:00",
"880","880","http://schulisterdman.biz/","312","","4","1983-02-12 00:00:00","1993-09-19 00:00:00",
"881","881","http://www.reichert.biz/","5276567","","1","1972-12-22 00:00:00","1983-11-17 00:00:00",
"882","882","http://okonstoltenberg.com/","749508503","","2","2016-09-10 00:00:00","1984-03-16 00:00:00",
"883","883","http://willmsbarrows.info/","376","","3","1971-03-29 00:00:00","1985-06-03 00:00:00",
"884","884","http://www.hackett.info/","4721742","","4","1988-03-29 00:00:00","1970-08-25 00:00:00",
"885","885","http://www.leffler.com/","196956","","1","2003-05-29 00:00:00","1984-10-03 00:00:00",
"886","886","http://www.frami.org/","169","","2","1990-01-09 00:00:00","1980-04-16 00:00:00",
"887","887","http://www.klocko.com/","235","","3","2018-05-09 00:00:00","2004-12-04 00:00:00",
"888","888","http://mosciski.com/","2169872","","4","1983-09-09 00:00:00","1998-04-02 00:00:00",
"889","889","http://www.conroy.com/","495","","1","1992-09-08 00:00:00","1971-04-13 00:00:00",
"890","890","http://rowe.com/","60794262","","2","2009-07-11 00:00:00","1972-01-15 00:00:00",
"891","891","http://mosciski.com/","5499369","","3","1998-05-16 00:00:00","2008-11-15 00:00:00",
"892","892","http://koelpin.biz/","6183996","","4","2010-12-04 00:00:00","1995-02-21 00:00:00",
"893","893","http://www.stammschamberger.com/","4737","","1","2017-06-09 00:00:00","2018-01-29 00:00:00",
"894","894","http://www.smitham.com/","27087","","2","1972-02-05 00:00:00","1980-11-16 00:00:00",
"895","895","http://considine.info/","201","","3","2012-10-10 00:00:00","2020-03-12 00:00:00",
"896","896","http://www.dachkessler.com/","28153","","4","1977-12-09 00:00:00","1995-08-14 00:00:00",
"897","897","http://www.labadie.com/","379","","1","1980-05-08 00:00:00","2014-03-30 00:00:00",
"898","898","http://jenkins.com/","234096","","2","2015-05-21 00:00:00","1991-07-30 00:00:00",
"899","899","http://www.kulas.com/","172","","3","2015-06-25 00:00:00","2016-12-29 00:00:00",
"900","900","http://beier.com/","44733","","4","1990-05-01 00:00:00","1981-08-13 00:00:00",
"901","901","http://barrows.com/","226654","","1","1988-08-24 00:00:00","1997-01-03 00:00:00",
"902","902","http://bruen.biz/","1693814","","2","2002-05-22 00:00:00","1981-07-21 00:00:00",
"903","903","http://thompson.com/","951","","3","1997-07-11 00:00:00","1994-11-18 00:00:00",
"904","904","http://bergnaum.com/","245313853","","4","2018-05-24 00:00:00","1970-06-09 00:00:00",
"905","905","http://www.westrobel.com/","216","","1","1993-07-15 00:00:00","2012-05-14 00:00:00",
"906","906","http://zulauf.info/","441","","2","1983-04-24 00:00:00","1993-10-13 00:00:00",
"907","907","http://www.dubuque.org/","7689","","3","1984-08-12 00:00:00","1978-10-05 00:00:00",
"908","908","http://www.okonkessler.biz/","3862","","4","1990-07-06 00:00:00","1996-07-03 00:00:00",
"909","909","http://metz.com/","426","","1","1990-05-23 00:00:00","1994-01-11 00:00:00",
"910","910","http://www.upton.com/","14865389","","2","1980-05-23 00:00:00","2019-04-10 00:00:00",
"911","911","http://hagenesbatz.org/","167703199","","3","1996-03-04 00:00:00","2018-06-27 00:00:00",
"912","912","http://www.klein.biz/","278","","4","1976-10-02 00:00:00","1995-03-18 00:00:00",
"913","913","http://kozeyoconnell.biz/","2221","","1","2008-06-29 00:00:00","1986-05-07 00:00:00",
"914","914","http://www.rice.com/","39506721","","2","1986-03-14 00:00:00","2001-09-12 00:00:00",
"915","915","http://www.keeling.com/","3224","","3","2010-02-23 00:00:00","1979-05-01 00:00:00",
"916","916","http://www.prohaska.info/","464","","4","1989-03-03 00:00:00","1976-03-30 00:00:00",
"917","917","http://www.bahringer.com/","6617","","1","1985-07-02 00:00:00","1973-09-24 00:00:00",
"918","918","http://www.okunevajaskolski.com/","5816708","","2","1995-10-30 00:00:00","2017-07-29 00:00:00",
"919","919","http://hickle.com/","140431950","","3","2010-04-30 00:00:00","1974-05-31 00:00:00",
"920","920","http://www.jacobi.com/","39324731","","4","2000-02-07 00:00:00","1985-08-01 00:00:00",
"921","921","http://www.jacobistoltenberg.com/","79196664","","1","2012-06-14 00:00:00","1988-11-09 00:00:00",
"922","922","http://www.langworth.com/","577091","","2","1996-12-05 00:00:00","2010-01-11 00:00:00",
"923","923","http://www.durgan.com/","610738","","3","1976-11-27 00:00:00","2005-02-20 00:00:00",
"924","924","http://graham.com/","20810","","4","1980-08-26 00:00:00","1976-03-31 00:00:00",
"925","925","http://www.senger.com/","451","","1","1993-01-10 00:00:00","1977-03-16 00:00:00",
"926","926","http://www.mcdermott.com/","27","","2","1992-04-18 00:00:00","2019-08-17 00:00:00",
"927","927","http://www.swaniawski.org/","309","","3","2005-01-28 00:00:00","2017-01-09 00:00:00",
"928","928","http://abbott.net/","6887","","4","2016-04-16 00:00:00","2008-07-12 00:00:00",
"929","929","http://www.witting.com/","195","","1","2001-06-10 00:00:00","1971-09-02 00:00:00",
"930","930","http://baileycarroll.com/","365","","2","1984-02-29 00:00:00","1991-08-03 00:00:00",
"931","931","http://kuvalis.biz/","407640818","","3","1996-07-04 00:00:00","2012-07-20 00:00:00",
"932","932","http://mante.com/","404","","4","1996-02-17 00:00:00","2012-10-07 00:00:00",
"933","933","http://hayes.com/","319","","1","1984-05-18 00:00:00","2012-09-10 00:00:00",
"934","934","http://wizafahey.com/","276","","2","1992-05-17 00:00:00","2012-12-18 00:00:00",
"935","935","http://watsica.net/","44675518","","3","2000-01-25 00:00:00","1997-10-06 00:00:00",
"936","936","http://www.hilpert.com/","8516","","4","1974-01-23 00:00:00","1979-03-02 00:00:00",
"937","937","http://www.altenwerth.com/","19047","","1","1975-06-02 00:00:00","2001-09-12 00:00:00",
"938","938","http://gleason.com/","365","","2","2000-08-03 00:00:00","2011-09-21 00:00:00",
"939","939","http://www.frami.info/","423","","3","1992-10-29 00:00:00","1975-11-24 00:00:00",
"940","940","http://yundt.com/","286409","","4","1999-05-24 00:00:00","2014-06-20 00:00:00",
"941","941","http://www.littel.info/","371","","1","1984-03-24 00:00:00","1985-07-08 00:00:00",
"942","942","http://www.moenfarrell.com/","185","","2","2010-02-15 00:00:00","2020-05-16 00:00:00",
"943","943","http://hansenlebsack.info/","349","","3","1976-11-22 00:00:00","1971-01-03 00:00:00",
"944","944","http://www.emmerich.net/","69976080","","4","2002-10-30 00:00:00","1978-03-16 00:00:00",
"945","945","http://stromanbarton.com/","171","","1","2013-04-19 00:00:00","1986-05-30 00:00:00",
"946","946","http://www.spinka.com/","55","","2","2003-09-04 00:00:00","1977-03-30 00:00:00",
"947","947","http://www.jast.info/","512","","3","1992-03-19 00:00:00","1980-02-27 00:00:00",
"948","948","http://www.paucekconsidine.biz/","7214907","","4","2005-11-29 00:00:00","1976-05-04 00:00:00",
"949","949","http://marvinschimmel.biz/","329","","1","2008-08-11 00:00:00","2014-05-28 00:00:00",
"950","950","http://www.romaguera.net/","3208580","","2","1975-03-03 00:00:00","1976-08-17 00:00:00",
"951","951","http://www.lednercrist.net/","1952690","","3","2019-10-21 00:00:00","1975-03-12 00:00:00",
"952","952","http://blickthiel.com/","17879","","4","2008-10-30 00:00:00","1989-10-07 00:00:00",
"953","953","http://www.leffler.com/","318","","1","1971-10-04 00:00:00","1974-12-03 00:00:00",
"954","954","http://www.jakubowski.com/","221","","2","1978-02-01 00:00:00","2009-01-19 00:00:00",
"955","955","http://trantow.com/","445","","3","1982-02-01 00:00:00","1997-08-19 00:00:00",
"956","956","http://dibbertkilback.com/","952766579","","4","1993-05-09 00:00:00","2017-11-07 00:00:00",
"957","957","http://kulas.biz/","692393404","","1","1997-01-13 00:00:00","1984-06-02 00:00:00",
"958","958","http://hackett.com/","531","","2","2006-08-13 00:00:00","1998-01-23 00:00:00",
"959","959","http://www.mclaughlindibbert.com/","902","","3","1972-07-25 00:00:00","2019-01-21 00:00:00",
"960","960","http://wilkinson.net/","242","","4","1994-11-10 00:00:00","1983-07-20 00:00:00",
"961","961","http://www.moorerunte.org/","9111386","","1","2005-01-21 00:00:00","1973-08-08 00:00:00",
"962","962","http://www.wiegand.com/","8410012","","2","1970-02-23 00:00:00","1974-02-27 00:00:00",
"963","963","http://www.hermannwalker.biz/","1026392","","3","2018-04-29 00:00:00","1989-08-23 00:00:00",
"964","964","http://marquardt.biz/","99","","4","1976-03-07 00:00:00","1985-09-20 00:00:00",
"965","965","http://frami.com/","280","","1","1989-11-22 00:00:00","1973-02-04 00:00:00",
"966","966","http://gislason.com/","6942223","","2","2007-03-19 00:00:00","2015-04-15 00:00:00",
"967","967","http://okuneva.com/","42379","","3","1985-01-04 00:00:00","1990-08-27 00:00:00",
"968","968","http://www.johns.com/","3666","","4","1989-06-07 00:00:00","1987-04-09 00:00:00",
"969","969","http://www.jast.com/","354","","1","2006-10-11 00:00:00","2001-01-14 00:00:00",
"970","970","http://www.treutel.info/","262","","2","1983-06-07 00:00:00","1970-08-06 00:00:00",
"971","971","http://www.bodemante.com/","3174702","","3","1973-03-11 00:00:00","1977-02-12 00:00:00",
"972","972","http://kohlerrunolfsdottir.com/","41547","","4","2009-05-04 00:00:00","1970-06-28 00:00:00",
"973","973","http://www.lehner.org/","757","","1","2007-12-10 00:00:00","2005-03-20 00:00:00",
"974","974","http://schoen.info/","588168254","","2","2016-07-01 00:00:00","2013-04-17 00:00:00",
"975","975","http://www.spencer.com/","5470006","","3","1975-06-20 00:00:00","2018-01-07 00:00:00",
"976","976","http://www.veum.com/","95","","4","1993-09-08 00:00:00","2008-11-04 00:00:00",
"977","977","http://www.feillittel.biz/","68152","","1","2010-03-10 00:00:00","1989-12-25 00:00:00",
"978","978","http://ohara.com/","136694216","","2","2000-09-25 00:00:00","1970-10-29 00:00:00",
"979","979","http://www.grady.biz/","23","","3","1981-05-06 00:00:00","2019-08-31 00:00:00",
"980","980","http://brown.com/","107890917","","4","1993-12-02 00:00:00","1996-04-07 00:00:00",
"981","981","http://www.zboncak.com/","630328","","1","2020-07-16 00:00:00","1972-08-25 00:00:00",
"982","982","http://moen.com/","192449128","","2","2007-10-24 00:00:00","2014-05-27 00:00:00",
"983","983","http://www.kochaufderhar.com/","319","","3","2000-08-24 00:00:00","2012-09-08 00:00:00",
"984","984","http://batz.info/","2135","","4","2005-04-04 00:00:00","2001-10-13 00:00:00",
"985","985","http://bechtelar.com/","408014","","1","2011-03-06 00:00:00","1990-01-10 00:00:00",
"986","986","http://www.kessler.com/","44","","2","1984-10-04 00:00:00","1975-10-10 00:00:00",
"987","987","http://www.blanda.com/","49340433","","3","1985-06-09 00:00:00","1986-01-11 00:00:00",
"988","988","http://hane.net/","165","","4","1970-03-16 00:00:00","1987-02-10 00:00:00",
"989","989","http://www.mcclure.biz/","362031","","1","1986-05-08 00:00:00","2007-12-17 00:00:00",
"990","990","http://sengergoyette.com/","137","","2","1993-10-10 00:00:00","2015-12-27 00:00:00",
"991","991","http://beahan.com/","164","","3","2005-01-18 00:00:00","2009-01-17 00:00:00",
"992","992","http://tremblaygulgowski.com/","23531328","","4","1984-12-20 00:00:00","2014-05-15 00:00:00",
"993","993","http://reichel.biz/","59","","1","1972-09-03 00:00:00","1971-03-07 00:00:00",
"994","994","http://www.connelly.org/","202950630","","2","2012-02-21 00:00:00","1975-05-09 00:00:00",
"995","995","http://monahan.com/","164","","3","2011-07-05 00:00:00","1998-01-17 00:00:00",
"996","996","http://nolan.info/","202","","4","2009-08-12 00:00:00","1984-10-06 00:00:00",
"997","997","http://kubmcdermott.com/","447785","","1","1986-08-05 00:00:00","1970-07-07 00:00:00",
"998","998","http://www.blandamorissette.com/","61","","2","2009-04-23 00:00:00","1974-12-29 00:00:00",
"999","999","http://ondrickanikolaus.com/","21928","","3","2011-09-30 00:00:00","1984-02-15 00:00:00",
"1000","1000","http://dubuque.com/","45","","4","2011-02-14 00:00:00","2001-10-08 00:00:00",
